IdEstudiante;Edad;Genero;GrupoEtnico;EducacionPadres;HorasEstudioSemanal;Inasistencias;Tutoria;ApoyoPadres;Extracurriculares;Deportes;Musica;Voluntariado;NotaAprobada
1001;17;1;0;2;20;7;1;2;0;0;1;0;1
1002;18;0;0;1;15;0;0;1;0;0;0;0;1
1003;15;0;2;3;4;26;0;2;0;0;0;0;0
1004;17;1;0;3;10;14;0;3;1;0;0;0;0
1005;17;1;0;2;5;17;1;3;0;0;0;0;0
1006;18;0;0;1;8;0;0;1;1;0;0;0;1
1007;15;0;1;1;16;10;0;3;0;1;0;0;1
1008;15;1;1;4;15;22;1;1;1;0;0;0;0
1009;17;0;0;0;5;1;0;2;0;1;0;1;1
1010;16;1;0;1;18;0;0;3;1;0;0;0;1
1011;17;0;0;1;12;11;0;1;0;0;0;0;0
1012;17;0;0;1;8;15;0;2;0;0;0;1;0
1013;17;0;1;1;10;21;0;3;1;0;0;0;0
1014;17;0;1;2;12;21;0;4;0;1;0;0;0
1015;18;1;0;1;11;9;1;2;0;0;0;0;0
1016;15;0;0;2;10;17;1;0;0;1;0;0;0
1017;18;0;3;1;10;14;0;2;1;1;0;0;0
1018;18;1;0;0;4;16;1;2;0;0;0;0;0
1019;18;0;1;3;16;29;0;2;1;0;0;1;0
1020;17;0;0;1;11;9;0;2;0;0;1;0;0
1021;16;1;0;3;3;2;0;3;0;0;0;1;1
1022;15;0;0;2;15;25;0;1;1;0;0;0;0
1023;16;1;1;0;19;29;1;1;0;0;0;0;0
1024;18;1;3;4;19;20;0;2;1;0;0;0;0
1025;18;1;0;1;7;15;0;2;0;0;0;0;0
1026;16;1;0;3;3;5;0;4;0;0;1;0;1
1027;16;0;0;1;10;2;0;2;0;1;0;0;1
1028;16;1;0;3;2;8;0;3;0;0;1;0;0
1029;18;0;0;0;19;10;0;3;1;0;0;0;1
1030;18;0;0;2;4;20;0;3;1;0;0;0;0
1031;15;0;2;2;5;12;1;0;0;1;0;0;0
1032;15;0;0;3;8;17;0;4;0;0;0;1;0
1033;18;0;0;3;8;25;0;1;0;1;0;0;0
1034;16;0;3;3;16;21;0;0;1;1;0;0;0
1035;16;0;0;3;9;27;1;2;1;1;0;0;0
1036;15;0;3;1;3;23;0;1;0;0;0;0;0
1037;18;0;0;1;5;26;1;1;0;0;0;0;0
1038;15;0;2;1;10;21;1;1;0;1;0;0;0
1039;15;1;1;1;3;3;1;1;1;1;0;0;1
1040;17;1;2;1;12;21;1;3;1;1;0;0;0
1041;17;1;3;2;11;23;1;1;0;0;0;0;0
1042;17;0;0;1;14;7;0;2;0;0;0;0;1
1043;16;1;3;2;19;12;1;4;0;0;0;0;1
1044;18;1;0;1;18;9;0;2;0;1;0;0;1
1045;18;1;0;1;19;1;1;3;1;1;0;0;1
1046;18;0;0;2;5;7;0;4;0;0;1;0;1
1047;18;0;1;2;3;5;0;1;1;0;0;0;1
1048;17;0;0;2;6;15;0;2;0;0;0;0;0
1049;16;0;1;2;18;17;0;3;0;0;1;0;0
1050;16;1;1;1;19;16;0;4;1;0;0;0;0
1051;17;1;2;2;17;5;0;3;0;0;0;0;1
1052;16;1;2;0;2;12;1;1;1;0;1;0;0
1053;17;1;0;1;19;22;0;4;0;0;1;0;0
1054;18;0;0;2;8;13;0;1;0;1;0;0;0
1055;17;0;0;0;0;29;1;2;1;1;0;0;0
1056;18;0;0;1;9;25;0;2;0;1;0;0;0
1057;18;1;0;4;1;20;0;2;0;1;1;0;0
1058;15;0;0;4;11;29;0;3;1;0;0;0;0
1059;17;0;0;1;7;9;1;3;0;1;0;0;1
1060;15;1;3;0;9;23;0;3;0;1;0;0;0
1061;17;1;1;1;12;10;0;0;1;0;1;0;0
1062;17;0;0;1;17;12;0;2;0;0;1;0;0
1063;15;0;1;3;13;11;0;3;0;1;0;0;0
1064;15;0;0;1;9;8;0;2;0;1;0;0;0
1065;17;0;0;2;16;3;1;4;0;0;0;0;1
1066;16;0;1;1;18;6;1;3;1;0;0;0;1
1067;18;0;0;4;2;23;0;3;0;1;0;0;0
1068;15;1;0;1;11;28;0;0;0;1;0;0;0
1069;18;1;3;2;6;21;1;3;0;0;1;0;0
1070;16;1;2;1;1;1;0;4;0;0;1;0;1
1071;16;0;1;2;13;6;0;2;1;0;0;0;1
1072;16;1;1;1;17;28;0;3;0;0;1;1;0
1073;15;0;1;1;3;8;0;2;1;1;0;0;1
1074;16;0;0;3;16;4;1;2;0;0;0;0;1
1075;15;1;0;3;17;14;0;3;1;0;1;0;0
1076;16;0;0;3;18;17;0;3;0;1;0;0;0
1077;18;0;0;2;5;3;0;3;0;0;0;0;1
1078;18;1;1;3;18;18;1;1;1;1;0;0;0
1079;17;1;0;0;6;19;0;1;0;0;0;0;0
1080;18;1;3;1;11;25;0;3;0;1;0;0;0
1081;17;0;3;1;1;6;0;1;0;1;0;0;0
1082;18;1;2;2;1;25;0;2;0;0;0;0;0
1083;15;1;1;1;14;7;0;0;1;1;0;0;1
1084;18;0;2;1;9;16;0;1;0;1;0;0;0
1085;17;1;0;2;5;12;0;3;1;1;0;0;0
1086;17;1;2;3;4;23;0;3;0;0;0;0;0
1087;16;1;0;1;13;20;1;1;1;0;1;1;0
1088;15;0;2;1;0;27;0;1;0;0;1;0;0
1089;18;0;0;1;16;22;0;0;1;0;1;0;0
1090;16;0;2;1;2;10;0;2;0;0;1;1;0
1091;18;0;3;1;4;26;0;1;0;0;0;1;0
1092;18;1;0;2;8;0;0;2;1;1;0;0;1
1093;16;0;0;2;10;1;1;3;0;0;0;0;1
1094;16;0;3;2;7;16;1;3;0;1;0;0;0
1095;16;1;0;1;6;4;0;1;1;1;0;0;1
1096;16;1;2;3;19;29;0;3;0;0;0;1;0
1097;16;1;1;1;13;29;0;4;0;0;1;0;0
1098;18;0;0;2;0;5;0;2;0;1;0;0;1
1099;16;0;0;3;9;25;0;2;1;0;1;1;0
1100;15;0;0;1;18;24;0;2;0;0;0;0;0
1101;17;1;2;1;6;23;1;1;1;1;0;1;0
1102;16;1;0;3;2;6;0;3;1;0;1;1;1
1103;16;0;1;1;15;27;0;3;1;1;0;0;0
1104;18;1;0;2;12;20;1;2;0;1;0;0;0
1105;16;1;1;0;11;29;0;3;1;0;0;0;0
1106;16;1;2;2;1;14;0;3;0;1;1;1;0
1107;16;0;3;1;3;18;0;0;1;0;0;1;0
1108;18;1;0;0;12;15;0;1;0;1;0;0;0
1109;16;1;2;2;4;24;1;3;1;1;0;0;0
1110;17;0;2;1;10;12;1;4;0;0;0;0;1
1111;18;0;1;1;11;4;1;3;0;0;0;0;1
1112;17;1;3;0;6;2;1;4;0;0;1;0;1
1113;18;1;0;1;19;2;0;2;0;0;0;0;1
1114;16;0;0;1;17;18;1;1;0;1;1;0;0
1115;17;0;2;0;14;13;1;2;0;0;0;0;0
1116;18;1;0;3;2;15;0;0;0;0;0;1;0
1117;15;1;2;0;2;21;0;3;1;0;1;0;0
1118;16;1;2;2;10;16;0;4;0;0;0;0;0
1119;18;1;0;1;3;26;0;3;0;1;0;0;0
1120;15;0;2;1;20;3;0;2;1;0;1;1;1
1121;18;1;0;3;3;12;1;1;1;1;0;0;0
1122;15;1;1;1;10;7;1;1;0;1;1;0;1
1123;16;0;1;4;7;18;0;2;0;0;0;0;0
1124;17;1;3;1;13;4;0;3;0;0;0;0;1
1125;15;0;0;2;3;1;1;2;1;0;1;0;1
1126;18;1;0;2;9;14;0;4;1;0;0;0;1
1127;16;1;1;3;5;1;0;3;1;0;0;0;1
1128;15;0;2;2;18;10;1;1;0;1;0;0;1
1129;18;0;1;2;1;12;1;1;1;1;0;0;0
1130;18;1;0;1;18;22;1;3;0;0;0;0;0
1131;18;1;0;1;17;9;0;1;0;0;0;0;0
1132;15;1;0;3;6;2;0;3;0;0;0;0;1
1133;15;0;2;1;16;4;1;2;0;1;0;0;1
1134;15;1;0;1;1;2;0;1;1;0;0;0;0
1135;17;0;0;2;19;5;1;2;1;0;0;0;1
1136;15;0;3;1;11;12;0;2;1;0;0;0;0
1137;15;1;0;4;6;9;0;3;0;1;0;0;0
1138;15;0;3;2;7;18;0;0;1;0;1;1;0
1139;17;1;1;2;1;7;0;3;1;0;0;0;1
1140;15;1;2;3;20;17;1;3;0;0;0;0;0
1141;18;1;0;0;1;2;0;3;1;0;0;0;1
1142;15;1;0;1;13;23;1;0;1;1;0;0;0
1143;18;1;2;2;9;23;1;3;0;0;0;0;0
1144;18;0;2;1;19;16;0;2;1;0;1;0;0
1145;18;0;2;2;5;7;1;2;1;1;0;0;0
1146;17;1;0;3;11;9;0;3;1;0;0;0;1
1147;17;1;2;2;10;1;1;2;1;0;0;1;1
1148;17;0;2;1;14;11;0;3;0;1;0;0;0
1149;15;0;1;4;1;22;0;1;1;1;0;1;0
1150;18;0;2;2;4;5;0;3;1;0;0;0;1
1151;17;0;2;2;4;1;0;1;0;1;1;0;1
1152;17;1;1;1;15;20;1;3;0;1;0;0;0
1153;15;1;0;3;4;22;0;4;1;0;0;1;0
1154;17;0;0;2;11;23;0;2;0;0;0;0;0
1155;15;1;0;2;4;2;0;2;1;0;0;0;1
1156;16;0;0;3;17;16;1;3;1;1;0;0;1
1157;17;1;0;1;19;28;0;0;0;1;1;1;0
1158;16;0;0;2;10;6;0;2;0;0;0;0;1
1159;15;1;0;3;7;28;0;2;0;0;0;0;0
1160;18;0;0;1;5;20;0;3;0;0;0;1;0
1161;17;0;2;2;1;4;1;3;1;0;0;1;1
1162;15;1;3;3;5;22;1;3;0;0;0;0;0
1163;18;0;0;2;13;0;1;3;0;0;1;1;1
1164;18;1;3;2;11;7;0;3;1;0;0;0;1
1165;16;1;1;3;19;11;1;2;1;0;0;0;0
1166;15;0;0;3;8;13;0;2;0;1;0;0;0
1167;18;1;0;1;14;15;1;2;1;1;0;0;1
1168;17;1;1;0;10;9;0;4;0;1;0;0;0
1169;17;1;2;2;10;14;0;3;1;0;0;0;0
1170;16;1;2;2;5;20;0;2;0;1;0;0;0
1171;18;1;0;2;9;23;0;3;0;1;0;0;0
1172;15;0;0;2;9;25;0;2;1;0;0;1;0
1173;17;1;0;1;14;14;1;3;0;0;0;0;0
1174;18;1;0;2;19;9;0;2;0;1;0;0;1
1175;18;1;0;1;7;20;1;1;1;0;0;0;0
1176;16;1;0;2;1;27;0;3;1;0;0;0;0
1177;17;1;2;2;10;6;0;3;0;0;0;0;1
1178;17;0;3;1;11;25;1;2;1;0;1;0;0
1179;15;1;0;1;3;2;0;2;1;0;0;0;1
1180;17;0;3;2;15;1;0;3;1;0;0;1;1
1181;15;0;0;2;20;5;1;3;0;0;0;0;1
1182;17;0;0;1;19;20;0;3;1;0;0;0;0
1183;16;0;0;4;4;8;0;2;1;1;0;0;0
1184;17;1;1;2;18;9;1;4;1;1;0;0;1
1185;15;0;3;4;14;3;0;3;0;0;0;0;1
1186;15;0;1;2;9;26;1;3;1;0;0;0;0
1187;16;1;0;2;11;2;0;3;0;0;0;0;1
1188;17;1;1;3;17;8;0;1;1;0;0;0;1
1189;17;1;0;2;10;23;0;0;1;1;0;0;0
1190;16;0;2;2;7;21;1;3;0;0;0;0;0
1191;17;1;1;1;10;16;0;2;0;0;0;1;0
1192;17;1;0;2;12;13;1;3;0;0;0;0;0
1193;15;0;1;1;4;9;0;2;1;0;0;0;0
1194;17;1;1;1;18;12;0;2;0;0;0;0;0
1195;17;1;0;0;13;11;1;1;1;0;1;0;1
1196;16;1;1;0;13;26;0;3;1;1;0;0;0
1197;16;1;0;4;2;0;0;1;1;0;0;1;1
1198;18;0;2;1;12;27;0;3;1;0;1;0;0
1199;15;1;2;2;2;21;0;2;0;0;0;0;0
1200;17;1;2;3;2;28;0;3;1;0;0;0;0
1201;17;0;1;2;11;18;0;1;0;0;1;0;0
1202;18;1;1;1;8;18;0;1;0;0;0;0;0
1203;17;0;0;2;12;5;0;3;0;1;0;1;1
1204;15;1;2;2;2;12;0;2;1;0;0;0;0
1205;18;0;0;2;9;18;0;1;1;0;0;0;0
1206;15;0;0;2;3;12;1;4;0;0;0;0;0
1207;18;0;0;4;20;26;1;1;1;0;0;0;0
1208;18;0;0;2;11;25;0;2;1;0;0;0;0
1209;16;1;1;1;14;21;0;1;0;0;0;0;0
1210;15;0;0;2;7;20;1;2;1;0;1;1;0
1211;17;1;2;0;2;3;0;2;0;0;1;0;1
1212;17;0;0;3;20;23;0;1;0;0;1;1;0
1213;15;0;0;1;6;1;0;3;1;0;0;0;1
1214;17;0;1;1;8;14;1;2;0;0;0;0;0
1215;17;1;0;3;13;11;0;3;0;0;0;0;0
1216;15;0;0;2;0;29;1;1;1;0;0;0;0
1217;18;1;2;1;16;26;1;2;1;0;0;0;0
1218;15;1;0;2;11;6;0;0;1;0;1;0;1
1219;18;1;2;3;6;19;1;3;0;0;0;0;0
1220;17;1;0;1;1;17;0;3;0;0;0;0;0
1221;17;1;0;3;3;22;0;3;1;1;0;1;0
1222;17;1;2;0;18;12;0;2;0;1;0;1;0
1223;16;1;0;2;14;16;0;3;0;0;1;0;0
1224;18;1;0;3;5;3;0;3;0;0;0;0;1
1225;16;1;0;1;1;24;0;0;1;0;0;0;0
1226;16;0;0;2;14;13;0;1;0;0;1;0;0
1227;15;0;2;1;11;19;0;2;0;0;0;0;0
1228;16;0;0;2;8;27;0;3;0;1;0;0;0
1229;15;0;2;2;7;12;1;0;0;0;0;0;0
1230;15;0;2;2;4;2;0;3;0;1;0;0;1
1231;16;1;0;1;13;25;0;2;0;0;0;0;0
1232;18;1;3;1;19;25;0;2;0;0;0;0;0
1233;18;1;0;0;4;17;0;1;0;1;0;1;0
1234;18;1;3;1;12;13;0;2;0;1;0;1;0
1235;18;1;0;2;8;14;0;0;0;1;0;0;0
1236;18;1;1;3;9;2;0;0;0;1;0;0;1
1237;16;1;0;2;5;0;0;3;0;0;1;0;1
1238;16;0;0;2;17;25;1;2;0;0;1;0;0
1239;17;0;1;4;10;23;1;2;0;0;0;0;0
1240;18;0;2;2;11;16;0;1;1;0;1;0;0
1241;16;0;0;3;6;2;1;2;0;1;0;0;1
1242;17;1;0;2;4;13;0;0;1;1;0;0;0
1243;18;1;2;1;2;2;0;2;0;1;0;0;1
1244;15;1;1;0;14;12;1;2;0;0;0;0;0
1245;17;0;3;2;4;14;0;2;1;0;0;0;0
1246;16;1;2;1;14;17;0;4;0;1;0;0;0
1247;15;1;3;1;8;13;0;2;0;0;0;0;0
1248;15;1;2;2;8;20;0;2;1;0;0;0;0
1249;15;0;0;2;9;25;0;2;0;1;0;0;0
1250;17;1;0;2;7;2;0;1;0;0;1;0;1
1251;16;0;2;1;2;18;0;3;0;1;0;0;0
1252;15;0;1;1;6;7;0;2;1;0;0;0;0
1253;18;0;0;2;13;3;1;1;1;0;0;0;1
1254;15;0;0;4;13;3;0;3;0;0;0;1;1
1255;15;1;3;2;6;18;1;0;0;0;0;0;0
1256;17;0;1;3;9;10;0;4;1;0;0;1;0
1257;17;0;0;2;4;0;1;3;0;0;0;0;1
1258;16;1;0;2;4;7;1;2;0;1;1;0;1
1259;18;1;0;1;0;14;0;1;1;1;0;0;0
1260;17;0;0;2;18;0;0;1;0;0;0;0;1
1261;15;1;0;2;4;6;0;1;1;0;0;0;0
1262;16;0;0;2;5;20;1;1;1;0;0;0;0
1263;15;0;2;2;6;19;0;2;1;1;0;1;0
1264;15;0;0;2;3;19;0;4;0;0;1;1;0
1265;17;0;2;1;13;23;0;2;0;0;0;0;0
1266;16;1;2;2;2;10;1;3;0;0;0;0;0
1267;18;0;0;1;3;26;0;3;0;0;0;0;0
1268;18;1;1;3;13;28;0;3;0;0;0;0;0
1269;17;1;0;1;7;13;0;0;0;1;1;1;0
1270;17;1;2;0;14;21;1;2;0;1;0;0;0
1271;16;1;0;2;11;15;0;3;0;0;0;0;0
1272;18;0;1;2;5;13;0;3;0;0;0;1;0
1273;18;1;1;2;13;11;0;4;0;0;0;0;0
1274;18;0;0;1;2;16;0;3;0;0;0;1;0
1275;15;1;0;2;11;13;1;1;0;0;0;0;0
1276;18;1;1;1;9;9;0;2;1;0;0;1;1
1277;15;0;2;3;5;23;0;0;1;1;0;0;0
1278;16;0;0;3;12;28;1;3;0;0;0;0;0
1279;15;0;1;2;17;13;1;2;0;0;0;0;0
1280;16;1;0;1;20;17;0;3;0;0;0;0;0
1281;18;1;2;2;12;21;0;4;0;0;0;1;0
1282;18;0;0;0;8;8;1;3;0;0;1;0;1
1283;16;0;2;2;5;16;0;2;1;0;0;1;0
1284;17;0;0;1;5;5;1;1;0;0;0;0;0
1285;16;0;0;3;10;7;1;3;1;1;1;0;1
1286;17;1;0;0;7;25;0;1;0;0;0;0;0
1287;15;0;0;2;18;12;1;1;0;0;0;0;0
1288;15;0;1;2;7;17;0;1;0;0;0;0;0
1289;15;0;0;2;7;4;0;2;1;0;0;0;1
1290;18;0;2;0;8;5;0;1;0;0;0;0;0
1291;15;1;0;4;17;20;1;4;0;1;1;0;0
1292;17;0;0;2;13;18;0;4;1;0;0;0;0
1293;15;1;0;2;12;3;0;4;0;0;1;0;1
1294;16;0;0;1;7;6;1;0;0;0;0;1;1
1295;16;0;0;2;16;3;0;4;0;0;0;0;1
1296;18;1;0;2;1;24;0;4;0;0;1;0;0
1297;16;0;0;0;17;10;1;4;0;1;0;0;1
1298;17;1;0;1;10;11;1;3;0;0;0;0;0
1299;15;1;1;3;8;13;1;3;0;1;0;0;1
1300;18;0;1;1;10;12;1;1;0;0;0;0;0
1301;15;1;0;1;13;28;0;3;1;0;0;0;0
1302;15;1;0;2;0;9;0;0;1;0;0;0;0
1303;17;1;3;2;17;17;0;2;0;0;0;0;0
1304;16;1;1;0;9;15;0;4;0;0;0;0;0
1305;16;1;1;2;7;4;0;2;0;1;1;0;1
1306;15;1;0;1;3;7;1;1;0;0;0;0;0
1307;18;1;2;0;9;13;0;4;0;0;0;0;0
1308;16;1;2;0;10;4;0;4;0;1;0;1;1
1309;18;0;1;3;8;25;0;1;1;0;0;0;0
1310;16;0;3;1;14;27;0;3;0;1;0;0;0
1311;18;1;0;0;8;23;0;2;1;0;0;0;0
1312;17;0;0;2;19;7;0;2;0;0;1;1;1
1313;18;1;2;3;12;24;0;1;0;0;0;0;0
1314;17;1;2;1;16;25;0;0;0;0;0;0;0
1315;17;0;0;2;2;5;1;1;0;1;0;0;1
1316;18;1;0;0;8;15;1;0;0;1;0;0;0
1317;17;1;0;2;7;27;0;4;0;0;0;0;0
1318;15;1;0;2;11;3;1;3;1;0;0;0;1
1319;17;1;2;2;17;11;0;3;0;0;1;0;1
1320;16;0;1;1;2;10;0;3;0;0;0;0;0
1321;18;1;0;1;1;2;0;1;1;0;0;0;1
1322;15;1;0;1;17;11;0;4;1;0;0;0;1
1323;18;1;0;1;4;29;1;3;1;1;0;0;0
1324;16;0;0;0;13;4;0;2;0;0;0;0;1
1325;16;1;1;2;11;5;1;1;0;1;0;0;1
1326;16;0;3;4;17;18;0;3;0;0;0;0;0
1327;17;0;2;4;3;17;0;3;0;1;0;0;0
1328;17;1;0;3;3;15;1;3;0;0;0;0;0
1329;18;1;2;2;11;22;0;0;0;0;0;0;0
1330;18;0;2;2;19;10;0;1;1;1;0;0;0
1331;15;1;2;1;8;4;0;2;1;1;1;0;1
1332;15;0;0;2;7;8;0;3;0;1;0;0;0
1333;18;0;0;2;12;2;0;0;0;0;0;0;1
1334;17;1;0;2;19;29;0;2;0;1;0;1;0
1335;16;1;0;2;17;7;0;2;0;0;0;0;1
1336;18;0;0;1;20;5;0;3;0;0;0;0;1
1337;15;0;0;1;0;3;0;2;1;0;0;0;1
1338;17;0;0;3;2;11;0;2;0;1;0;0;0
1339;18;0;2;0;12;11;0;3;0;0;0;0;0
1340;18;1;0;2;16;24;0;4;0;0;0;1;0
1341;17;1;0;3;6;20;0;1;1;0;0;0;0
1342;18;1;3;2;5;15;0;1;1;0;1;0;0
1343;17;1;3;2;16;9;0;4;1;0;1;0;1
1344;16;1;2;1;1;21;0;2;0;0;0;0;0
1345;17;0;3;1;7;13;0;3;0;0;0;1;0
1346;17;1;1;3;10;12;0;3;0;0;0;0;0
1347;17;1;3;2;11;8;0;1;0;1;1;0;1
1348;18;1;0;2;15;6;0;3;1;0;1;0;1
1349;18;1;0;0;7;11;0;3;0;0;0;0;0
1350;17;1;0;0;12;4;0;2;0;0;0;0;1
1351;18;0;0;4;12;17;0;0;0;0;1;0;0
1352;15;0;0;1;11;3;0;4;0;0;0;0;1
1353;15;0;1;2;13;1;0;2;0;1;0;0;1
1354;18;1;2;0;5;2;1;3;0;0;0;0;1
1355;18;0;1;2;2;25;0;3;0;0;0;0;0
1356;17;0;0;3;2;11;1;2;0;0;0;0;0
1357;16;1;2;2;4;2;1;3;1;1;0;0;1
1358;18;1;1;1;10;3;0;4;0;1;0;0;1
1359;15;1;0;2;17;5;0;2;0;0;1;0;1
1360;17;0;1;2;14;11;0;2;0;0;0;0;0
1361;18;0;0;2;16;18;0;4;1;0;0;0;0
1362;15;1;0;3;7;9;0;1;1;0;0;1;0
1363;15;1;3;2;8;29;1;0;0;0;0;0;0
1364;16;0;0;3;8;0;1;4;0;0;1;0;1
1365;17;0;0;2;4;16;0;3;1;0;1;0;0
1366;17;1;2;1;1;15;0;4;1;1;0;1;0
1367;16;1;2;1;12;8;0;0;0;0;0;0;0
1368;16;0;0;1;20;24;1;1;0;1;0;0;0
1369;17;1;0;3;3;20;1;1;0;0;0;0;0
1370;17;0;0;2;1;8;1;3;1;0;0;1;0
1371;18;0;1;2;16;26;0;3;0;0;0;0;0
1372;18;0;0;1;5;22;0;2;0;0;1;0;0
1373;16;0;0;1;17;8;0;0;0;0;0;0;0
1374;18;1;3;2;14;11;0;3;0;0;0;1;0
1375;15;1;1;2;19;22;1;2;1;0;0;0;0
1376;18;0;0;1;8;8;1;1;1;0;0;0;0
1377;18;0;1;2;13;14;0;4;0;1;0;0;1
1378;15;0;1;0;9;1;0;1;1;0;0;0;1
1379;16;0;0;1;13;10;0;3;0;0;1;0;0
1380;15;0;0;2;9;10;1;3;1;0;0;0;1
1381;18;1;2;1;4;7;0;2;1;1;0;1;1
1382;16;1;0;4;10;22;0;1;1;0;0;0;0
1383;18;1;1;1;11;5;0;2;1;0;0;1;1
1384;15;1;0;1;16;20;0;3;0;0;0;0;0
1385;15;0;0;1;15;19;1;1;1;0;0;0;0
1386;18;0;0;2;13;6;0;3;0;0;0;0;1
1387;17;0;0;2;2;2;0;4;0;0;0;0;1
1388;17;0;0;2;14;7;0;4;0;0;1;0;1
1389;15;0;0;0;10;17;0;2;0;0;0;0;0
1390;15;1;2;0;18;16;0;3;1;0;0;1;0
1391;17;0;3;2;18;10;0;4;0;0;0;0;0
1392;17;1;2;3;1;1;0;2;1;0;0;0;1
1393;18;1;2;3;16;24;1;1;1;0;0;0;0
1394;18;1;0;0;1;20;0;1;1;1;0;0;0
1395;17;1;3;2;7;26;0;1;0;0;0;0;0
1396;18;0;0;3;11;23;0;3;0;0;1;0;0
1397;18;1;3;1;3;18;0;2;0;0;0;0;0
1398;16;1;3;3;15;6;0;3;0;0;0;0;1
1399;18;1;2;1;0;17;1;3;1;0;0;1;0
1400;15;0;3;3;3;7;0;3;1;1;0;0;1
1401;18;0;1;2;12;13;0;3;0;0;0;1;0
1402;18;0;0;3;14;6;0;0;1;0;1;0;1
1403;17;1;0;2;18;27;0;3;0;1;0;0;0
1404;15;1;1;1;14;20;0;2;0;0;0;0;0
1405;18;0;0;3;13;27;0;2;0;1;0;0;0
1406;18;1;1;1;8;26;0;0;0;0;0;0;0
1407;16;0;3;1;0;3;0;4;1;0;0;0;1
1408;18;0;0;2;2;16;0;4;1;0;0;0;0
1409;18;1;2;2;11;4;0;2;1;0;0;0;1
1410;16;1;3;3;14;11;0;2;0;1;0;0;0
1411;17;1;3;1;8;8;0;3;0;1;0;0;0
1412;18;1;3;2;15;25;0;1;0;0;0;0;0
1413;16;0;1;2;10;19;1;1;1;1;1;0;0
1414;15;0;3;0;1;12;0;3;0;0;0;0;0
1415;17;0;2;1;4;24;0;1;0;1;0;0;0
1416;15;0;0;1;17;27;0;2;1;1;0;0;0
1417;15;0;0;1;14;17;1;2;1;0;0;0;0
1418;16;1;2;4;18;19;1;2;1;0;0;0;0
1419;18;0;0;2;2;8;0;1;1;1;0;0;0
1420;16;0;1;2;20;3;0;2;0;0;0;0;1
1421;16;0;1;4;4;20;1;2;0;1;0;0;0
1422;16;1;0;1;0;26;0;2;0;0;1;0;0
1423;16;1;1;3;20;7;0;3;0;0;0;0;1
1424;17;1;2;2;6;0;1;4;0;0;1;0;1
1425;18;1;0;3;13;16;0;1;0;0;0;0;0
1426;15;0;0;1;4;24;0;3;1;0;0;1;0
1427;15;0;0;3;12;8;1;1;0;0;1;0;1
1428;18;1;0;1;18;19;0;2;0;0;0;1;0
1429;15;1;3;1;6;12;0;2;1;1;0;0;0
1430;18;0;0;2;13;1;0;2;0;0;0;0;1
1431;15;0;1;1;4;12;0;3;1;1;0;0;0
1432;16;1;0;2;12;8;0;2;1;0;0;0;0
1433;15;1;0;2;7;29;0;2;1;0;0;0;0
1434;18;1;2;2;4;19;0;3;0;1;1;0;0
1435;18;1;2;1;6;5;1;1;1;0;0;0;1
1436;18;0;0;0;4;27;0;1;0;1;0;0;0
1437;18;0;0;1;18;0;1;0;1;0;0;0;1
1438;18;0;0;2;8;27;1;1;0;0;0;0;0
1439;17;1;0;1;5;24;0;2;0;1;0;0;0
1440;17;1;1;1;9;4;0;2;1;0;1;0;1
1441;15;0;0;1;6;2;1;1;0;0;0;1;1
1442;18;0;0;0;15;3;0;0;1;0;0;1;1
1443;15;0;0;2;19;0;0;3;0;1;1;1;1
1444;18;0;3;3;9;13;0;3;1;1;1;0;0
1445;18;1;3;1;17;8;1;4;1;0;0;0;1
1446;17;0;0;2;11;29;0;4;0;1;0;0;0
1447;17;0;2;2;3;23;0;4;0;1;0;1;0
1448;16;0;0;2;14;3;0;3;1;1;1;1;1
1449;17;0;0;2;10;17;1;3;1;0;0;0;0
1450;16;0;2;2;13;13;0;1;0;0;0;0;0
1451;16;0;3;2;18;24;0;3;1;1;0;1;0
1452;16;0;3;0;9;3;0;0;0;0;0;0;1
1453;16;1;1;2;18;24;0;3;0;1;1;0;0
1454;16;1;0;2;15;9;0;2;0;0;0;1;1
1455;15;1;2;0;10;2;0;3;1;0;1;0;1
1456;17;1;0;1;12;22;0;0;1;1;0;1;0
1457;16;0;1;4;7;6;1;2;0;1;1;0;1
1458;18;1;0;2;20;9;0;2;0;0;0;0;1
1459;17;1;1;2;13;12;0;1;1;0;0;0;0
1460;17;0;0;3;1;3;1;2;0;1;1;0;1
1461;16;0;0;2;7;17;0;0;1;1;0;0;0
1462;15;1;3;2;12;10;0;2;0;0;0;1;0
1463;16;1;0;2;1;24;1;2;0;0;0;1;0
1464;15;0;1;3;0;3;0;3;0;1;0;0;1
1465;18;1;0;2;9;23;0;2;1;0;1;0;0
1466;17;0;0;2;7;13;0;2;1;1;0;0;0
1467;18;0;0;1;9;17;0;4;0;0;0;0;0
1468;15;0;0;4;5;7;0;2;0;0;0;0;0
1469;15;0;2;2;3;26;1;2;0;0;0;0;0
1470;18;1;0;0;14;9;0;2;1;0;0;0;1
1471;15;0;3;3;10;4;0;3;1;1;0;1;1
1472;18;0;1;2;4;22;0;2;1;1;0;0;0
1473;17;1;0;0;6;6;1;2;1;0;1;0;1
1474;18;0;1;2;12;11;1;3;1;1;0;0;1
1475;17;1;1;2;1;24;0;0;0;0;0;0;0
1476;18;1;2;3;3;2;1;3;0;1;0;1;1
1477;15;1;0;1;1;25;1;2;1;0;0;0;0
1478;18;0;0;3;16;3;0;2;0;0;0;1;1
1479;15;1;2;2;15;9;0;3;0;0;0;0;1
1480;18;1;3;0;15;3;0;1;0;0;0;0;1
1481;18;0;2;4;14;14;1;3;0;1;1;0;1
1482;16;1;0;2;13;28;1;4;0;0;0;1;0
1483;15;1;2;1;10;9;0;2;0;0;0;0;1
1484;16;1;0;2;13;20;0;4;0;0;1;0;0
1485;15;1;0;3;1;29;0;0;0;0;0;0;0
1486;16;1;0;1;12;21;1;3;0;0;1;0;0
1487;17;0;1;1;16;15;1;2;1;0;0;0;0
1488;18;1;0;1;10;14;0;2;0;0;0;1;0
1489;15;1;0;1;7;18;0;1;1;1;0;1;0
1490;15;0;2;2;6;28;0;2;1;0;0;0;0
1491;18;0;0;2;13;19;1;1;1;0;0;0;0
1492;15;0;0;1;14;18;0;4;1;1;0;0;0
1493;15;1;0;1;17;17;0;3;0;1;0;0;0
1494;16;0;3;1;7;25;1;1;0;1;0;0;0
1495;15;1;1;3;15;11;0;1;1;0;0;0;0
1496;17;1;0;1;11;24;1;3;0;0;1;0;0
1497;17;0;2;4;18;15;0;2;0;1;1;0;0
1498;18;0;2;2;11;0;0;1;0;0;0;0;1
1499;15;1;0;1;10;15;1;2;1;0;1;0;0
1500;18;0;1;3;12;1;0;2;0;0;0;0;1
1501;17;1;2;2;15;23;0;1;0;0;0;0;0
1502;15;0;1;2;19;14;0;3;1;1;0;0;0
1503;15;0;0;4;1;6;0;3;1;0;0;0;1
1504;18;0;2;0;1;27;0;0;0;1;1;0;0
1505;17;1;1;0;19;0;1;4;1;0;0;0;1
1506;15;0;0;2;11;4;1;2;0;1;0;0;1
1507;18;1;0;1;12;9;1;1;1;0;0;0;1
1508;17;1;0;1;10;21;0;1;0;0;0;0;0
1509;18;1;0;0;2;20;1;1;0;0;0;0;0
1510;16;1;2;0;15;3;1;2;1;1;0;0;1
1511;15;0;0;2;15;13;0;1;0;1;0;0;0
1512;16;1;0;1;6;12;0;2;0;0;0;1;0
1513;17;1;1;2;6;0;0;1;1;0;0;1;1
1514;16;0;0;2;17;15;1;3;0;1;0;1;0
1515;16;1;3;2;1;22;0;3;1;1;0;0;0
1516;17;0;0;0;18;8;1;2;0;0;0;0;1
1517;18;1;0;2;5;21;0;3;0;1;1;0;0
1518;16;0;0;0;12;15;1;4;1;0;0;0;1
1519;18;1;0;2;19;18;0;3;0;0;0;0;0
1520;16;0;0;3;14;14;0;2;0;0;0;0;0
1521;18;1;2;2;8;25;0;2;0;1;0;0;0
1522;17;1;3;2;14;13;0;3;1;0;0;0;0
1523;16;0;0;2;7;19;1;1;0;0;0;0;0
1524;17;0;1;1;6;9;1;2;0;1;0;0;1
1525;16;0;2;3;20;20;0;2;0;0;0;0;0
1526;17;0;2;3;15;11;0;3;0;1;0;1;0
1527;17;1;0;1;13;27;0;3;0;1;0;0;0
1528;16;1;0;2;7;0;0;2;1;1;1;0;1
1529;16;0;0;3;1;20;0;1;1;0;1;0;0
1530;16;1;2;4;1;16;1;4;0;0;0;0;0
1531;15;0;2;2;11;8;1;0;0;1;0;0;0
1532;18;0;0;2;15;22;0;0;1;0;1;0;0
1533;15;1;0;1;11;18;0;2;0;0;1;0;0
1534;15;1;3;4;17;24;0;3;0;1;1;1;0
1535;17;1;2;1;1;17;0;3;1;0;0;0;0
1536;16;1;3;2;7;27;0;4;1;1;0;0;0
1537;18;1;2;1;5;6;0;1;0;0;1;0;0
1538;17;1;0;1;9;8;0;2;0;0;1;0;0
1539;15;1;1;2;1;21;0;1;0;0;0;0;0
1540;16;0;1;4;19;25;0;3;0;0;1;0;0
1541;17;0;0;0;4;20;0;2;1;0;0;0;0
1542;16;0;1;2;18;11;0;0;0;1;0;0;0
1543;17;0;2;0;9;6;1;3;1;0;0;0;1
1544;16;0;0;1;20;13;1;2;0;0;0;0;0
1545;15;1;2;2;11;14;1;2;0;1;0;0;0
1546;18;0;1;2;19;14;0;3;0;0;1;0;0
1547;15;0;3;1;0;5;0;1;1;0;0;0;0
1548;18;0;0;1;15;20;0;1;1;1;1;0;0
1549;16;0;0;0;18;13;0;1;0;0;1;0;0
1550;17;0;1;1;3;1;1;2;0;1;0;0;1
1551;15;0;0;4;2;7;0;1;1;1;0;0;0
1552;18;0;2;3;8;12;0;3;0;1;0;0;0
1553;15;1;2;1;19;22;0;1;0;1;0;0;0
1554;18;1;0;2;11;5;0;4;0;0;0;0;1
1555;15;0;1;3;11;4;1;1;0;1;0;0;1
1556;18;1;1;0;3;4;0;1;1;1;0;1;1
1557;18;1;0;3;0;24;0;1;0;0;0;0;0
1558;16;1;3;3;16;0;0;3;1;0;0;0;1
1559;18;1;2;0;2;8;1;2;1;1;0;0;1
1560;16;0;1;1;13;5;0;3;1;0;1;0;1
1561;18;1;2;4;18;19;0;3;0;1;0;0;0
1562;17;1;0;2;4;25;0;4;0;0;1;0;0
1563;17;1;3;0;13;29;1;3;0;0;1;0;0
1564;17;0;1;1;2;6;0;0;0;0;1;0;0
1565;18;0;2;2;12;8;0;3;1;0;0;0;1
1566;16;0;2;2;3;4;1;4;1;0;0;0;1
1567;16;0;0;2;15;13;1;4;1;0;0;0;1
1568;18;0;2;4;6;4;0;1;0;0;0;0;0
1569;17;0;0;1;9;7;1;3;0;1;1;0;1
1570;17;0;0;2;12;6;0;1;0;0;0;0;0
1571;16;1;0;2;3;12;1;1;1;1;1;0;1
1572;17;1;3;2;15;12;0;3;0;0;0;0;0
1573;15;1;2;1;6;7;0;4;0;0;0;0;1
1574;16;0;2;4;13;10;1;2;0;0;0;0;0
1575;17;0;2;3;3;27;1;3;1;0;0;0;0
1576;16;0;1;2;14;25;0;0;1;0;0;0;0
1577;15;0;3;2;3;17;1;0;1;0;0;0;0
1578;16;0;0;1;9;24;0;2;1;0;0;0;0
1579;16;1;0;2;5;18;1;2;0;0;0;0;0
1580;16;1;0;2;15;5;0;3;0;0;0;0;1
1581;16;0;2;2;5;21;0;2;0;1;0;0;0
1582;15;0;2;4;18;1;0;2;0;0;0;1;1
1583;18;0;0;2;18;27;0;2;1;1;0;1;0
1584;16;0;0;1;4;12;0;1;0;0;0;0;0
1585;16;1;2;2;12;22;0;4;0;0;0;0;0
1586;17;0;0;1;2;24;0;2;0;0;0;0;0
1587;16;0;2;1;8;27;1;2;0;0;0;0;0
1588;17;0;3;1;14;25;0;3;1;1;0;0;0
1589;18;0;0;2;13;10;0;2;0;0;0;1;0
1590;15;1;0;2;12;0;0;3;0;0;0;0;1
1591;15;0;2;2;6;23;0;1;0;0;0;0;0
1592;18;0;2;2;8;1;0;1;0;0;0;0;0
1593;15;1;1;2;2;29;0;4;0;1;0;1;0
1594;18;1;3;1;14;16;0;3;0;0;0;0;0
1595;18;1;0;3;10;7;0;2;1;0;0;0;1
1596;18;0;1;1;14;1;0;3;0;0;0;1;1
1597;15;0;2;1;5;5;0;4;0;0;1;1;1
1598;17;1;2;2;6;21;1;1;1;0;0;1;0
1599;18;1;0;1;7;4;0;0;0;0;0;0;0
1600;16;1;2;0;1;15;1;2;0;0;1;0;0
1601;15;1;1;2;7;7;0;1;1;1;0;0;0
1602;18;1;0;2;16;18;1;1;1;0;1;0;0
1603;18;1;0;2;18;15;0;3;1;0;0;0;0
1604;16;0;2;4;10;12;0;0;0;0;1;0;0
1605;17;0;0;2;9;25;1;3;0;0;0;1;0
1606;17;0;0;3;1;19;0;2;0;1;0;1;0
1607;17;1;0;1;18;6;0;2;0;0;0;0;1
1608;18;1;2;2;0;15;0;3;1;1;1;0;0
1609;18;1;1;3;19;22;1;2;0;0;0;0;0
1610;18;1;2;2;10;15;0;1;0;0;0;1;0
1611;15;1;0;2;7;28;0;1;1;0;0;0;0
1612;16;1;1;1;18;11;1;3;1;0;0;0;1
1613;18;0;1;0;0;13;0;1;1;0;0;0;0
1614;16;0;2;2;12;23;1;0;1;0;0;1;0
1615;16;1;3;1;11;17;0;4;0;0;0;0;0
1616;17;0;0;3;4;26;1;4;1;1;0;0;0
1617;15;1;1;1;9;27;0;2;0;1;1;1;0
1618;18;0;0;4;13;17;0;0;0;0;0;0;0
1619;17;1;1;4;15;15;0;3;1;0;1;0;0
1620;17;1;0;1;0;19;0;3;1;0;0;0;0
1621;18;0;0;1;19;15;0;1;1;1;0;0;0
1622;16;0;0;3;3;12;0;1;1;0;1;0;0
1623;17;1;1;4;5;25;0;3;1;0;1;0;0
1624;16;1;0;2;5;28;0;4;0;0;0;0;0
1625;15;0;2;1;1;8;0;3;1;0;0;1;1
1626;16;0;0;2;2;25;0;1;1;1;1;0;0
1627;15;1;0;2;20;27;0;2;1;1;0;0;0
1628;16;0;2;1;6;8;0;3;0;0;0;0;0
1629;17;1;0;2;2;12;0;1;0;0;0;0;0
1630;17;1;0;0;2;28;0;1;1;0;1;0;0
1631;15;1;1;0;14;3;1;1;0;0;0;0;1
1632;18;1;0;1;17;8;0;2;0;0;0;0;1
1633;15;0;0;1;5;14;0;2;0;0;0;0;0
1634;15;0;0;1;0;13;0;3;0;1;0;0;0
1635;16;0;3;2;4;18;1;3;1;1;0;0;0
1636;16;0;1;1;1;11;0;4;0;0;1;0;0
1637;15;0;1;1;2;20;1;3;1;0;0;0;0
1638;17;0;1;1;9;25;0;1;0;0;0;1;0
1639;16;0;0;4;5;24;1;2;0;1;1;1;0
1640;18;1;0;2;10;5;0;2;0;1;0;0;1
1641;16;0;2;2;5;2;0;0;1;0;1;0;1
1642;16;0;0;2;19;25;0;4;0;1;0;0;0
1643;18;1;0;4;18;24;1;0;1;1;0;0;0
1644;15;0;0;1;11;21;1;2;1;0;0;0;0
1645;18;0;0;2;7;19;0;2;1;0;1;0;0
1646;15;1;3;2;8;15;0;2;1;0;1;0;0
1647;15;0;0;2;8;29;0;3;0;0;0;1;0
1648;15;0;1;0;15;19;0;2;0;0;0;0;0
1649;18;0;0;2;9;23;0;1;0;0;1;0;0
1650;15;1;3;0;17;22;0;1;0;0;0;0;0
1651;17;0;0;2;19;16;1;4;1;1;0;0;0
1652;18;0;0;2;7;15;0;1;1;0;0;0;0
1653;17;1;2;1;11;5;0;1;0;0;1;0;1
1654;15;0;2;3;2;7;0;2;0;0;0;0;0
1655;16;1;0;0;4;18;1;1;1;0;0;0;0
1656;15;1;0;3;8;29;1;2;0;0;1;0;0
1657;17;0;0;2;4;24;0;3;1;0;0;0;0
1658;17;1;0;1;18;25;1;3;0;0;0;0;0
1659;18;1;0;1;3;1;1;3;0;1;0;0;1
1660;16;0;0;4;9;13;0;1;1;1;1;0;0
1661;18;1;0;0;12;21;0;2;0;1;0;0;0
1662;17;1;0;1;14;11;1;0;1;0;0;0;0
1663;15;0;1;1;8;16;0;0;1;0;0;1;0
1664;16;0;3;2;17;27;0;2;1;0;0;0;0
1665;15;0;1;2;11;26;0;1;1;1;1;0;0
1666;15;1;0;1;9;14;0;3;0;0;0;0;0
1667;16;0;0;1;1;17;1;3;1;1;0;0;0
1668;18;1;3;1;9;15;0;3;1;0;0;1;0
1669;15;1;0;1;16;12;0;3;1;1;0;0;1
1670;17;1;0;2;12;20;1;0;1;1;1;0;0
1671;15;1;1;2;17;16;0;2;1;0;0;0;0
1672;16;1;1;1;10;7;0;1;0;1;0;0;0
1673;16;1;1;1;2;0;1;2;1;0;0;0;1
1674;16;1;0;1;0;28;0;1;1;1;0;0;0
1675;18;0;0;4;6;24;0;0;1;1;0;0;0
1676;15;0;3;4;14;25;0;2;0;1;1;1;0
1677;18;1;0;3;16;26;0;3;1;0;0;0;0
1678;18;1;1;1;6;2;1;3;0;0;0;0;1
1679;16;0;2;0;10;15;0;2;0;1;0;1;0
1680;16;1;1;1;8;27;0;2;1;1;1;0;0
1681;18;0;0;1;8;1;0;2;1;0;0;1;1
1682;15;0;0;2;5;14;0;3;0;0;0;1;0
1683;17;0;1;2;3;0;1;0;1;0;1;0;1
1684;18;1;2;3;4;8;1;3;0;1;0;0;1
1685;15;1;3;3;1;15;1;2;0;1;0;0;0
1686;16;0;0;1;4;3;0;1;0;0;1;1;0
1687;16;0;0;2;0;11;1;0;1;0;0;0;0
1688;15;0;3;1;13;0;0;1;0;0;0;0;1
1689;17;0;2;0;6;0;1;2;0;0;0;1;1
1690;16;0;2;2;19;6;1;3;1;1;0;0;1
1691;16;1;0;0;4;17;0;2;0;0;0;1;0
1692;16;0;1;2;7;22;0;2;1;0;0;0;0
1693;15;1;2;1;7;27;0;4;1;1;0;1;0
1694;18;0;1;2;0;22;0;1;1;0;0;0;0
1695;16;1;0;2;17;14;1;1;0;0;0;0;0
1696;18;1;0;1;1;25;0;2;0;1;0;0;0
1697;17;1;1;3;19;29;0;3;1;0;0;0;0
1698;16;1;0;1;18;24;0;3;0;1;0;0;0
1699;16;1;0;2;11;12;1;2;0;0;0;0;0
1700;17;1;3;2;11;15;0;4;0;1;1;0;1
1701;16;0;0;2;13;6;0;3;0;0;0;0;1
1702;18;1;2;4;8;15;0;0;1;0;0;0;0
1703;15;0;0;1;13;12;0;3;1;0;1;1;1
1704;18;1;1;2;1;13;0;0;0;1;0;0;0
1705;15;1;3;2;1;16;1;3;0;1;0;0;0
1706;15;0;0;3;9;11;0;1;1;0;0;0;0
1707;18;1;0;1;11;28;0;3;0;0;0;0;0
1708;18;0;0;2;18;23;0;2;1;0;0;0;0
1709;18;0;0;2;2;23;0;3;0;0;0;0;0
1710;18;0;2;1;16;19;0;2;1;1;0;0;0
1711;17;0;3;2;4;12;0;3;1;0;0;0;0
1712;16;1;0;1;8;23;0;1;0;1;1;0;0
1713;15;1;0;2;6;19;0;4;0;1;0;0;0
1714;18;0;0;3;8;14;0;3;0;0;0;0;0
1715;18;1;2;2;3;23;1;1;1;1;0;0;0
1716;18;1;0;2;10;20;0;4;0;0;0;0;0
1717;17;0;1;2;16;3;1;2;1;0;0;1;1
1718;18;1;1;0;9;21;1;3;0;1;0;1;0
1719;18;0;1;1;10;1;0;3;1;0;0;0;1
1720;18;0;0;2;17;27;1;0;1;0;0;1;0
1721;16;1;2;1;14;17;0;4;0;1;0;0;0
1722;17;1;0;1;10;1;0;2;0;0;0;0;1
1723;18;1;0;2;5;24;0;1;0;0;0;0;0
1724;15;0;2;1;18;14;0;3;1;1;0;1;1
1725;15;0;2;1;12;29;0;3;0;0;0;0;0
1726;15;1;0;2;4;25;0;0;0;1;0;0;0
1727;17;1;0;1;5;18;0;1;1;0;0;0;0
1728;17;1;0;3;16;14;0;3;0;0;0;0;0
1729;15;1;0;3;1;25;0;0;1;1;1;0;0
1730;18;0;0;2;20;19;0;4;0;0;0;0;0
1731;17;1;0;1;3;9;0;3;0;1;0;0;1
1732;15;0;0;2;16;27;0;2;0;1;0;0;0
1733;15;0;2;3;8;23;0;2;1;1;0;1;0
1734;18;1;1;2;10;19;0;2;0;0;1;1;0
1735;16;1;1;1;18;10;1;2;1;0;0;0;1
1736;17;1;0;2;8;25;1;3;0;1;1;1;0
1737;18;0;3;3;11;9;0;4;0;0;0;1;1
1738;15;1;2;2;1;28;1;2;1;0;1;0;0
1739;15;1;2;2;0;22;0;2;0;0;0;1;0
1740;18;0;2;2;5;4;0;1;0;0;0;0;0
1741;17;1;3;2;14;8;1;3;0;0;0;0;1
1742;16;0;1;0;2;19;0;3;1;1;0;0;0
1743;16;1;0;2;2;18;1;3;1;0;0;0;0
1744;15;0;1;0;8;12;0;0;0;0;0;0;0
1745;17;1;2;2;13;17;0;3;0;1;0;0;0
1746;16;1;2;1;14;16;0;2;1;0;0;0;0
1747;17;0;1;2;4;26;0;3;1;1;0;1;0
1748;17;0;0;1;2;5;0;3;0;0;0;0;1
1749;15;1;0;2;19;9;0;3;1;1;0;1;1
1750;16;0;3;2;5;1;1;2;0;0;0;0;1
1751;18;0;1;1;17;23;0;3;0;1;0;0;0
1752;15;0;1;1;17;5;0;0;0;0;0;0;0
1753;16;0;0;1;15;27;0;3;0;0;1;0;0
1754;16;1;0;3;3;27;1;0;0;0;0;0;0
1755;16;1;2;2;16;20;0;2;1;1;0;0;0
1756;16;0;1;2;15;12;0;1;0;0;0;0;0
1757;16;0;2;1;12;17;1;3;0;1;0;0;0
1758;17;0;0;2;7;6;0;2;0;0;0;1;1
1759;15;0;1;3;5;1;0;3;1;0;0;0;1
1760;17;1;0;3;2;28;1;3;1;0;0;0;0
1761;18;1;2;2;10;13;1;3;0;1;0;0;0
1762;16;0;0;0;12;4;0;1;0;1;0;0;0
1763;15;0;0;1;7;17;0;3;0;1;0;0;0
1764;16;0;1;0;10;10;1;2;0;1;0;0;0
1765;15;1;3;1;7;9;0;0;0;0;0;0;0
1766;17;0;0;1;13;10;1;1;0;1;0;0;0
1767;15;1;2;1;18;26;0;1;1;0;1;0;0
1768;18;0;0;1;3;1;0;0;0;1;0;0;1
1769;18;1;0;3;8;14;0;2;0;0;0;0;0
1770;15;0;0;2;3;6;1;0;0;1;0;0;1
1771;15;1;0;3;12;8;1;2;1;0;0;0;1
1772;15;0;1;2;15;4;0;1;0;0;0;0;0
1773;15;0;0;1;19;6;1;1;0;0;1;0;1
1774;18;0;0;2;6;19;0;4;1;0;0;0;0
1775;16;1;3;1;19;1;0;2;0;0;1;0;1
1776;15;0;0;2;1;2;1;1;0;1;0;0;1
1777;15;1;2;1;12;1;1;2;0;1;1;1;1
1778;18;1;0;4;1;20;1;1;1;0;0;0;0
1779;18;0;1;1;18;21;1;0;0;0;0;0;0
1780;17;0;0;1;11;22;0;0;1;0;0;0;0
1781;15;0;0;3;13;18;0;4;0;1;1;0;0
1782;17;1;0;0;17;3;1;3;0;0;0;0;1
1783;18;0;0;2;3;23;0;3;1;0;1;0;0
1784;18;1;0;2;1;19;0;4;0;0;0;1;0
1785;16;1;1;3;18;6;0;4;0;0;0;0;1
1786;15;0;2;4;6;27;0;3;0;0;1;0;0
1787;17;0;2;4;3;21;1;3;1;0;1;1;0
1788;18;0;1;0;9;6;0;2;0;0;0;1;1
1789;18;0;0;3;12;16;1;1;0;0;0;0;0
1790;17;0;0;2;1;18;0;2;0;0;1;0;0
1791;16;0;0;2;5;21;0;2;0;0;0;0;0
1792;18;1;0;1;1;15;0;4;0;0;0;0;0
1793;15;1;1;2;8;2;0;2;0;0;1;0;1
1794;18;1;1;4;18;14;0;3;0;0;0;1;0
1795;15;0;0;3;20;13;0;2;1;1;0;0;1
1796;17;1;0;2;13;14;0;1;0;0;0;0;0
1797;15;1;2;0;3;13;0;2;0;1;0;0;0
1798;17;1;2;1;18;6;0;2;1;0;0;0;1
1799;15;1;0;3;10;24;0;2;1;0;0;0;0
1800;17;1;3;2;3;2;0;2;1;0;0;0;1
1801;15;0;3;2;18;29;0;1;0;0;0;0;0
1802;16;0;0;0;15;16;1;2;1;0;0;0;0
1803;15;1;0;2;15;9;0;3;1;1;0;0;1
1804;15;1;1;2;14;14;1;2;0;1;0;0;0
1805;16;1;3;3;4;28;1;2;0;0;0;0;0
1806;18;0;2;2;4;5;0;0;0;0;0;0;0
1807;18;0;0;1;14;27;1;1;1;0;1;1;0
1808;15;1;0;2;4;16;0;2;0;0;0;1;0
1809;16;0;1;0;9;16;1;2;0;1;0;0;0
1810;15;0;1;4;16;13;1;2;0;0;0;0;0
1811;17;1;0;1;16;23;0;3;1;1;0;0;0
1812;17;0;2;2;9;24;0;1;0;0;1;0;0
1813;15;0;1;1;16;17;0;0;1;0;0;0;0
1814;18;1;2;2;17;24;0;2;1;0;0;0;0
1815;18;0;2;2;13;4;0;2;0;0;0;0;0
1816;15;0;2;2;5;28;0;2;0;0;1;0;0
1817;15;1;0;1;5;7;0;3;0;0;0;0;0
1818;17;0;1;1;6;6;0;3;1;0;0;0;1
1819;18;0;0;1;2;22;1;1;1;0;0;0;0
1820;15;1;1;2;5;3;1;4;1;0;0;0;1
1821;17;1;0;0;4;17;0;1;0;0;1;0;0
1822;18;1;1;2;9;4;0;3;0;1;0;0;1
1823;16;0;0;3;18;15;0;3;0;1;0;0;0
1824;17;1;0;3;2;13;0;3;0;0;0;0;0
1825;18;0;0;2;14;26;1;1;1;0;0;1;0
1826;18;1;0;2;14;26;0;2;0;0;0;0;0
1827;17;0;2;0;2;18;0;2;0;1;0;1;0
1828;16;1;2;2;18;13;1;1;0;0;0;0;1
1829;17;1;1;3;11;8;1;0;0;0;0;1;0
1830;18;1;0;1;7;5;0;2;0;0;0;0;1
1831;15;1;0;2;15;16;0;2;0;1;0;0;0
1832;15;0;0;3;5;18;0;3;1;0;1;0;0
1833;17;1;0;3;14;11;0;1;0;0;1;0;0
1834;18;1;2;1;1;3;1;3;1;0;0;0;1
1835;15;0;0;2;17;15;0;1;0;0;0;0;0
1836;18;1;0;1;9;24;0;3;1;1;0;0;0
1837;17;0;0;1;13;10;1;2;0;0;0;0;1
1838;15;1;0;3;4;21;1;2;1;1;1;1;0
1839;18;1;1;3;14;3;1;3;1;0;0;1;1
1840;15;1;1;2;15;16;0;1;0;0;0;0;0
1841;17;0;0;0;9;7;0;1;0;1;0;0;0
1842;18;1;0;3;12;13;0;2;0;0;1;0;0
1843;15;1;0;2;9;26;0;1;1;0;1;0;0
1844;17;1;0;1;18;1;0;2;0;0;0;0;1
1845;15;0;0;2;10;10;0;1;0;1;0;1;0
1846;15;0;3;0;17;10;0;3;0;0;0;0;0
1847;16;1;1;2;16;23;1;3;1;1;0;1;0
1848;16;0;1;2;8;21;0;0;1;0;1;0;0
1849;17;1;0;1;5;23;1;3;0;1;0;0;0
1850;16;1;0;1;8;5;0;2;0;0;0;0;1
1851;17;1;1;1;17;20;1;2;1;0;0;0;0
1852;16;1;1;0;5;20;0;2;1;0;0;0;0
1853;15;1;2;2;10;13;1;3;0;1;0;1;0
1854;17;1;0;3;16;29;0;2;0;1;1;0;0
1855;17;1;1;0;7;9;0;3;1;0;0;0;0
1856;15;0;0;0;13;25;1;1;0;0;0;0;0
1857;17;0;2;2;5;26;0;4;0;0;0;0;0
1858;17;0;1;3;2;7;0;3;1;0;0;0;0
1859;16;0;1;1;16;6;1;1;0;0;1;1;1
1860;17;0;0;1;2;7;1;3;1;0;0;0;1
1861;18;0;1;2;5;27;0;2;0;0;0;0;0
1862;15;0;0;1;17;7;0;1;1;0;0;0;1
1863;16;1;0;0;7;22;0;1;0;1;0;0;0
1864;16;1;0;2;19;1;0;0;1;0;0;0;1
1865;18;1;1;2;20;26;1;3;0;0;0;0;0
1866;15;1;0;2;5;15;0;2;0;0;0;0;0
1867;15;0;0;2;1;8;0;2;0;0;0;1;0
1868;16;0;2;2;14;12;1;1;1;0;0;0;0
1869;17;1;0;1;9;22;0;2;0;0;0;1;0
1870;16;1;1;1;2;11;0;2;0;0;0;0;0
1871;15;0;0;1;14;26;0;3;0;0;0;0;0
1872;18;1;0;1;1;21;0;4;0;1;0;0;0
1873;16;1;2;2;17;24;0;2;1;0;0;1;0
1874;15;1;0;3;3;28;0;2;1;0;0;0;0
1875;16;1;0;4;3;16;0;2;0;1;1;0;0
1876;17;0;1;2;4;26;0;3;0;0;0;1;0
1877;16;1;1;1;19;1;0;1;1;0;0;0;1
1878;16;1;1;1;14;12;0;2;1;0;0;0;0
1879;15;0;0;3;16;0;0;3;1;0;0;0;1
1880;15;0;0;2;8;25;0;0;0;0;0;0;0
1881;15;1;2;2;7;27;0;1;0;0;0;0;0
1882;16;0;1;2;5;18;0;3;0;1;0;0;0
1883;17;1;2;2;10;10;0;1;0;0;0;0;0
1884;18;1;2;3;11;4;0;2;1;0;0;0;1
1885;18;0;2;0;13;0;1;2;0;0;0;0;1
1886;15;1;0;2;5;19;0;2;0;0;1;0;0
1887;15;1;0;3;19;29;1;1;1;0;0;0;0
1888;16;1;2;1;3;12;1;4;0;1;0;0;1
1889;18;1;0;2;19;7;0;0;1;1;0;0;1
1890;15;0;0;1;0;5;0;3;0;0;0;0;0
1891;17;0;2;4;10;28;1;0;0;0;0;0;0
1892;17;1;2;0;7;16;0;2;0;1;0;0;0
1893;15;0;0;2;9;11;1;1;0;0;0;0;0
1894;15;1;0;1;11;0;0;1;0;0;0;0;1
1895;18;1;0;2;9;2;0;1;0;0;0;0;1
1896;18;1;2;1;8;13;0;2;0;1;0;0;0
1897;16;1;3;1;15;25;0;2;1;0;0;0;0
1898;18;1;0;2;14;7;0;1;0;1;0;0;1
1899;17;0;0;3;17;10;0;4;0;0;0;0;1
1900;17;1;2;1;5;26;1;1;0;0;0;0;0
1901;15;0;0;1;12;13;1;2;0;0;0;0;0
1902;18;0;1;2;12;7;0;1;0;0;0;1;1
1903;16;1;3;2;7;28;1;2;0;1;0;0;0
1904;17;1;0;3;10;2;1;3;0;0;0;0;1
1905;17;1;1;1;6;6;1;2;0;0;1;0;1
1906;16;1;0;2;3;27;0;1;0;0;0;0;0
1907;16;1;0;1;4;18;1;1;1;0;0;1;0
1908;17;0;2;1;2;3;0;3;0;0;0;0;0
1909;17;1;0;2;14;24;0;1;0;0;0;0;0
1910;16;1;3;2;13;15;1;2;1;0;1;0;0
1911;17;0;1;2;19;12;0;1;1;1;0;0;0
1912;15;0;0;1;15;19;0;1;1;0;1;1;0
1913;15;1;0;2;1;18;1;1;0;1;0;0;0
1914;16;0;0;2;18;4;0;3;1;0;0;0;1
1915;18;1;0;4;17;22;1;3;1;0;0;0;0
1916;16;0;0;1;9;4;1;2;1;0;0;0;1
1917;16;0;0;1;12;19;0;1;0;1;0;0;0
1918;18;1;0;1;20;23;0;2;0;0;1;1;0
1919;18;0;2;2;11;3;1;2;1;1;0;0;1
1920;18;0;1;1;18;1;0;2;0;0;1;1;1
1921;15;0;2;3;2;25;1;0;0;0;0;1;0
1922;17;0;0;1;4;12;1;4;0;0;0;0;0
1923;15;0;0;3;9;29;0;2;0;0;0;0;0
1924;17;0;1;1;12;15;0;4;0;0;1;0;0
1925;15;1;0;2;16;21;1;0;0;1;0;0;0
1926;17;1;0;3;20;1;0;1;1;1;0;0;1
1927;15;0;2;1;8;18;0;1;0;1;0;0;0
1928;18;1;2;4;1;16;1;3;0;1;1;0;0
1929;16;1;1;2;16;4;1;2;1;1;0;0;1
1930;15;1;0;3;12;24;0;3;0;1;0;0;0
1931;17;0;2;2;4;17;0;3;0;0;0;0;0
1932;18;1;1;1;10;27;0;3;0;0;1;0;0
1933;15;0;2;1;15;22;1;3;0;0;0;0;0
1934;15;1;2;1;15;20;1;3;0;0;0;0;0
1935;18;0;2;0;10;17;1;3;1;1;0;0;0
1936;15;0;1;1;6;7;0;2;1;0;0;0;0
1937;16;1;0;1;19;26;1;3;1;0;0;1;0
1938;15;1;1;2;13;14;1;3;0;0;0;0;1
1939;16;0;1;2;8;12;0;2;0;0;0;0;0
1940;16;1;2;1;6;12;0;4;0;0;0;0;0
1941;18;1;0;1;15;15;1;0;0;0;0;0;0
1942;15;1;0;2;5;21;0;2;0;0;0;0;0
1943;18;0;2;1;3;19;0;1;1;0;1;0;0
1944;15;0;2;0;11;12;0;1;0;0;0;1;0
1945;15;1;3;1;6;19;0;3;0;0;0;1;0
1946;17;1;2;3;13;1;0;4;0;0;0;0;1
1947;15;1;1;3;2;2;0;3;0;0;0;0;1
1948;18;0;1;1;13;14;1;4;1;0;1;0;1
1949;16;0;2;2;6;22;1;1;1;1;0;0;0
1950;15;1;1;2;0;18;1;1;0;0;0;0;0
1951;17;1;1;2;3;12;0;2;0;1;0;0;0
1952;18;1;0;2;19;4;1;3;1;1;0;1;1
1953;15;1;0;2;17;25;1;0;1;1;0;0;0
1954;18;1;2;1;5;21;0;4;1;0;0;0;0
1955;17;1;0;0;16;5;0;3;0;0;0;1;1
1956;17;0;0;2;12;13;0;4;0;0;0;1;0
1957;18;1;0;3;19;3;1;2;0;0;0;0;1
1958;15;0;0;2;7;21;0;2;0;1;1;0;0
1959;16;1;0;3;14;18;1;3;1;0;0;0;0
1960;17;1;0;4;1;22;0;3;0;1;0;0;0
1961;15;0;3;1;8;6;0;1;0;1;0;0;0
1962;15;0;1;2;19;3;1;4;0;0;0;0;1
1963;16;0;0;2;11;1;0;3;1;0;1;0;1
1964;17;0;0;4;6;26;0;0;0;0;0;0;0
1965;17;1;1;4;2;6;1;1;0;0;1;0;1
1966;15;0;0;2;14;2;1;2;1;0;0;0;1
1967;15;1;2;1;13;14;0;2;0;1;0;1;0
1968;16;0;1;2;7;0;0;3;0;0;0;0;1
1969;16;1;2;1;19;1;0;0;0;0;0;0;1
1970;17;1;0;2;0;9;1;3;1;0;0;0;0
1971;18;1;1;3;6;15;0;3;1;0;1;0;0
1972;17;1;0;1;18;24;0;1;1;0;0;1;0
1973;15;1;3;2;6;27;0;2;1;0;1;0;0
1974;17;1;1;2;5;14;1;1;1;0;0;0;0
1975;18;0;0;2;11;23;1;1;1;0;0;0;0
1976;16;1;0;1;16;14;1;2;0;0;0;0;0
1977;18;0;0;2;2;13;0;4;1;0;0;0;0
1978;18;0;1;3;19;21;1;1;0;1;1;0;0
1979;18;1;0;3;16;13;0;2;1;0;0;0;0
1980;16;0;1;1;4;5;0;1;1;0;0;0;1
1981;18;1;0;3;14;13;1;1;0;0;0;0;0
1982;18;0;1;2;8;16;0;2;0;0;1;0;0
1983;18;1;2;1;8;17;0;3;0;1;0;0;0
1984;15;0;2;0;16;19;1;0;0;1;0;0;0
1985;18;1;2;1;19;18;0;4;0;0;0;0;0
1986;16;1;0;3;3;29;0;0;0;1;0;0;0
1987;18;1;0;2;8;16;0;3;0;1;0;0;0
1988;18;1;1;2;10;15;0;3;1;0;0;0;0
1989;16;0;0;1;8;7;1;2;0;1;0;0;1
1990;18;1;0;2;7;6;0;1;0;0;0;0;0
1991;16;0;0;0;1;19;1;2;0;0;1;0;0
1992;18;0;0;1;14;27;0;3;1;1;0;0;0
1993;16;0;0;2;9;11;0;3;0;0;1;0;0
1994;18;1;2;1;4;8;0;2;0;1;0;0;0
1995;18;0;0;3;16;26;1;2;0;0;0;0;0
1996;15;0;1;1;16;13;0;3;0;1;0;0;0
1997;15;0;0;2;10;19;1;4;0;0;0;0;0
1998;18;1;1;2;6;0;0;3;0;0;1;0;1
1999;18;1;0;2;13;9;1;3;0;0;1;0;1
2000;17;0;2;1;6;16;1;2;1;1;0;0;0
2001;16;1;2;0;5;16;1;3;1;0;1;0;0
2002;17;1;0;3;15;16;1;3;0;0;0;1;0
2003;15;0;3;1;1;3;0;3;1;0;1;1;1
2004;15;0;3;3;2;16;1;2;0;0;0;0;0
2005;15;1;2;4;0;17;0;2;0;1;1;1;0
2006;15;0;2;1;3;19;0;2;0;0;1;1;0
2007;18;1;0;1;1;22;0;2;0;0;0;1;0
2008;15;1;1;2;20;1;0;2;0;0;0;0;1
2009;18;1;0;4;6;7;0;3;1;0;0;0;1
2010;18;1;0;3;3;12;0;2;1;0;0;0;0
2011;15;1;3;2;5;22;0;1;0;1;1;0;0
2012;15;1;0;2;19;24;0;3;0;1;0;0;0
2013;16;0;2;1;10;29;0;3;0;0;0;0;0
2014;17;0;2;4;7;21;1;2;0;0;0;0;0
2015;15;1;2;4;17;19;1;1;0;1;0;0;0
2016;16;1;3;1;8;21;1;4;1;0;0;0;0
2017;16;1;0;1;7;14;0;3;0;0;0;0;0
2018;17;0;0;1;4;19;0;1;1;0;0;0;0
2019;18;1;0;1;8;22;1;0;0;0;0;0;0
2020;15;0;0;3;6;8;1;2;1;0;0;0;1
2021;17;1;0;1;14;2;1;3;1;1;0;0;1
2022;15;1;0;0;6;2;0;1;1;0;0;0;1
2023;16;0;2;1;12;1;0;2;1;1;0;0;1
2024;16;0;1;4;1;0;1;2;0;0;1;0;1
2025;18;1;0;2;4;13;0;3;0;0;0;0;0
2026;16;1;1;2;8;16;0;2;1;0;1;0;0
2027;16;1;0;1;19;12;1;2;0;1;0;0;0
2028;17;0;0;4;8;18;1;4;1;0;1;0;0
2029;15;0;2;3;13;29;0;1;0;0;0;0;0
2030;15;0;1;1;5;22;0;1;0;1;1;0;0
2031;17;0;2;0;3;14;1;3;0;1;1;0;1
2032;18;0;0;0;1;26;0;1;1;1;0;0;0
2033;15;0;2;1;6;24;1;3;1;0;1;0;0
2034;16;1;1;2;3;13;1;0;0;1;0;0;0
2035;15;1;1;3;3;1;1;1;0;0;0;0;1
2036;16;0;1;2;15;6;1;4;1;1;0;0;1
2037;18;1;2;3;0;16;0;2;1;1;1;0;0
2038;17;1;1;2;11;17;0;3;0;1;1;1;0
2039;15;0;1;2;8;5;0;1;1;1;0;0;1
2040;17;1;3;2;10;26;0;1;0;0;0;0;0
2041;15;0;2;1;11;20;0;3;0;1;1;0;0
2042;16;0;0;1;6;7;0;2;0;0;0;0;0
2043;17;1;2;2;6;27;1;2;1;1;1;0;0
2044;15;0;0;0;15;26;0;0;1;1;0;0;0
2045;16;0;0;1;17;1;0;2;1;0;0;0;1
2046;17;0;1;2;4;0;0;3;1;0;0;0;1
2047;17;0;3;4;2;15;0;3;0;1;0;0;0
2048;15;0;3;2;18;6;0;3;1;0;0;1;1
2049;15;0;0;3;7;21;0;3;0;0;0;0;0
2050;15;0;1;2;11;23;0;2;1;0;0;0;0
2051;16;0;0;2;7;10;1;2;0;0;0;0;0
2052;15;1;3;2;3;14;1;3;1;0;0;0;0
2053;17;1;3;3;12;12;1;1;1;0;0;0;0
2054;17;1;1;2;11;29;0;1;1;0;0;0;0
2055;15;0;2;2;4;23;0;4;1;1;0;0;0
2056;15;0;2;2;9;1;0;0;0;0;0;0;1
2057;18;1;1;2;16;13;0;1;1;0;0;0;0
2058;17;1;0;1;12;23;0;2;0;0;1;0;0
2059;16;1;0;0;2;5;0;3;1;0;0;0;1
2060;18;0;1;0;11;8;1;2;1;0;1;0;1
2061;15;1;1;3;14;27;0;2;0;1;0;0;0
2062;15;1;0;1;16;6;0;4;1;0;1;0;1
2063;17;0;3;1;13;17;0;3;0;0;0;0;0
2064;15;1;0;2;3;23;0;3;1;1;0;0;0
2065;16;0;1;1;14;8;1;0;1;0;1;0;0
2066;17;0;1;2;14;22;0;1;0;0;0;0;0
2067;15;0;1;1;0;3;0;2;0;1;0;0;1
2068;17;1;1;4;8;8;0;1;0;0;0;0;0
2069;15;1;0;3;7;3;0;0;1;1;0;0;1
2070;15;0;0;3;13;11;0;1;1;0;1;0;0
2071;15;1;1;2;4;3;1;2;0;0;1;0;1
2072;16;1;1;2;12;24;1;3;1;1;0;0;0
2073;16;1;0;1;18;29;1;3;0;0;0;0;0
2074;17;1;2;0;16;23;0;0;0;0;1;0;0
2075;15;0;0;0;18;19;0;2;0;1;1;0;0
2076;15;1;1;2;20;13;0;1;0;0;0;0;0
2077;16;0;2;2;0;23;1;2;0;1;0;0;0
2078;15;0;0;2;12;23;1;2;0;1;0;0;0
2079;16;1;0;0;8;6;1;2;0;0;1;0;1
2080;15;0;2;2;17;25;0;3;1;0;0;0;0
2081;17;1;1;2;5;12;0;3;0;0;0;0;0
2082;15;1;1;2;20;21;0;3;0;1;0;0;0
2083;15;0;2;2;12;7;0;3;0;0;1;0;0
2084;18;0;2;1;16;22;0;3;0;0;1;0;0
2085;16;0;3;3;2;4;0;3;0;0;0;0;1
2086;15;0;1;2;4;11;1;2;0;0;0;0;0
2087;15;1;0;1;15;12;0;2;1;0;1;0;0
2088;18;1;0;1;0;28;0;3;1;1;0;0;0
2089;18;1;0;2;16;19;0;0;0;0;0;0;0
2090;16;0;1;3;0;13;0;3;0;0;0;0;0
2091;18;0;0;2;13;27;1;4;0;1;0;0;0
2092;17;0;3;1;7;17;0;3;0;0;0;0;0
2093;18;1;1;3;12;26;0;0;1;1;0;0;0
2094;17;0;1;2;14;23;1;2;1;0;0;0;0
2095;16;1;0;2;7;24;0;3;1;0;1;0;0
2096;16;0;0;2;2;19;0;4;0;1;0;0;0
2097;16;1;0;1;1;3;1;2;1;0;0;0;1
2098;16;1;0;2;12;20;1;3;0;0;0;0;0
2099;16;0;0;1;10;17;0;3;0;0;0;0;0
2100;17;0;1;4;15;6;0;1;0;1;1;1;1
2101;17;1;2;2;10;14;0;3;1;1;0;1;0
2102;16;1;2;2;8;20;1;2;1;0;0;0;0
2103;18;0;1;2;8;5;0;2;0;1;0;1;1
2104;15;0;0;3;1;15;1;2;0;0;0;0;0
2105;16;1;2;3;7;19;1;3;1;0;0;1;0
2106;18;0;2;2;20;23;1;3;1;1;0;0;0
2107;15;1;0;2;17;7;0;2;0;1;0;0;1
2108;16;1;2;2;7;27;0;3;1;0;0;0;0
2109;16;0;0;2;12;20;0;3;0;0;0;0;0
2110;17;0;2;1;17;15;1;3;1;0;0;0;0
2111;15;0;3;2;9;27;0;2;0;1;0;0;0
2112;15;0;0;1;0;21;0;0;0;1;0;1;0
2113;18;0;2;3;1;15;0;2;1;0;1;0;0
2114;17;1;1;1;10;2;0;3;1;1;0;0;1
2115;17;1;3;4;19;16;0;1;0;1;0;0;0
2116;17;0;0;2;14;8;0;4;0;1;1;0;1
2117;17;0;2;2;1;24;0;3;0;0;0;0;0
2118;15;0;0;2;4;2;0;3;0;0;0;0;1
2119;15;1;0;1;15;19;0;3;1;0;1;1;0
2120;16;0;0;1;17;28;1;2;0;0;0;0;0
2121;16;0;3;0;12;6;1;3;1;1;0;0;1
2122;17;1;2;2;13;17;0;2;0;1;0;0;0
2123;17;1;2;2;1;11;0;3;1;0;0;0;0
2124;17;0;3;2;17;18;1;3;0;1;0;0;0
2125;16;0;0;1;16;15;0;3;0;0;0;0;0
2126;18;0;0;1;5;21;0;3;0;0;0;0;0
2127;18;1;0;2;14;26;0;0;1;0;0;0;0
2128;16;0;0;3;4;23;0;0;0;0;0;0;0
2129;16;0;0;2;1;16;0;3;0;0;1;0;0
2130;16;0;0;2;4;19;1;1;1;0;0;0;0
2131;16;1;0;2;4;14;1;2;1;1;0;0;0
2132;16;1;0;0;7;0;0;2;1;0;0;0;1
2133;16;0;0;4;8;1;0;0;0;0;0;0;1
2134;17;0;0;2;10;7;0;0;0;0;0;0;0
2135;17;1;3;1;10;21;0;3;1;1;0;0;0
2136;17;1;2;2;5;24;0;3;0;0;0;0;0
2137;17;1;3;1;1;1;0;2;0;1;1;0;1
2138;16;1;0;4;12;18;1;4;0;0;0;0;0
2139;18;1;0;1;8;8;0;1;1;0;0;1;0
2140;15;1;2;2;6;8;1;1;0;1;0;0;0
2141;16;1;0;1;17;12;0;3;1;0;1;0;1
2142;15;1;0;2;15;5;0;3;0;0;1;0;1
2143;18;1;0;2;17;29;0;2;1;0;1;0;0
2144;17;0;0;2;10;14;0;4;1;0;1;0;0
2145;18;0;0;2;3;18;1;4;0;1;0;0;0
2146;16;0;0;3;14;20;0;0;0;0;0;0;0
2147;17;1;1;0;4;14;0;1;1;0;0;0;0
2148;16;0;0;1;9;17;0;3;0;0;0;0;0
2149;17;1;0;1;1;6;0;2;1;0;0;0;0
2150;15;1;2;4;17;25;0;0;1;0;1;1;0
2151;15;0;0;1;3;10;0;3;0;0;0;0;0
2152;15;1;0;2;18;7;1;2;0;0;1;0;1
2153;18;0;2;2;17;5;1;2;0;0;1;0;1
2154;16;0;0;1;9;7;0;1;1;0;0;0;1
2155;18;0;0;1;15;1;0;3;0;0;1;0;1
2156;15;1;0;1;12;18;0;2;1;0;0;0;0
2157;16;0;0;2;16;15;0;1;1;1;0;0;0
2158;15;1;1;1;9;6;1;2;0;0;0;1;1
2159;18;0;2;0;16;9;1;2;0;1;0;0;1
2160;18;0;0;3;9;11;0;4;0;0;1;0;1
2161;18;0;1;4;19;16;0;4;1;1;0;0;0
2162;15;1;1;1;10;6;1;1;0;0;0;0;0
2163;16;1;0;1;9;21;1;3;0;0;0;0;0
2164;16;1;1;0;16;7;0;3;1;1;0;0;1
2165;15;0;0;2;16;6;0;3;0;1;0;0;1
2166;16;0;0;3;11;3;0;2;0;0;0;0;1
2167;15;1;0;1;4;2;1;0;0;0;0;0;1
2168;16;1;0;1;9;18;0;3;1;0;0;1;0
2169;17;1;0;2;19;14;1;1;0;0;0;0;0
2170;17;1;2;2;15;3;0;1;0;0;0;0;1
2171;18;1;0;0;16;24;0;3;1;1;0;0;0
2172;17;1;0;2;1;8;0;4;0;0;1;0;0
2173;17;0;0;1;9;12;1;1;1;0;0;0;0
2174;17;1;2;1;13;17;0;3;0;0;0;0;0
2175;15;0;1;2;17;20;1;2;0;1;0;0;0
2176;17;0;1;3;1;15;0;3;0;1;0;0;0
2177;17;1;2;2;17;0;1;2;0;0;0;0;1
2178;18;1;2;3;11;3;1;1;0;0;1;0;1
2179;17;0;0;2;4;17;0;1;0;0;0;1;0
2180;17;1;1;2;6;7;1;2;0;0;1;1;1
2181;16;1;2;2;6;19;0;1;0;0;1;0;0
2182;18;0;3;3;11;15;0;0;0;1;1;0;0
2183;18;0;2;3;1;20;0;3;0;1;0;0;0
2184;18;0;0;0;3;10;1;2;0;0;1;0;0
2185;18;1;0;3;16;19;1;3;1;0;0;0;0
2186;18;0;0;3;3;20;0;1;0;0;0;1;0
2187;18;1;2;2;5;20;1;3;0;0;0;1;0
2188;15;0;0;1;9;20;0;2;1;1;1;0;0
2189;17;0;0;3;10;26;1;0;0;0;0;0;0
2190;18;0;2;3;15;18;0;2;0;0;0;0;0
2191;17;1;0;1;9;22;0;0;0;1;1;0;0
2192;17;1;2;4;16;18;0;3;1;0;0;0;0
2193;15;0;0;0;12;17;0;3;0;1;0;0;0
2194;18;0;0;1;2;18;0;2;1;1;0;0;0
2195;16;0;0;2;3;10;0;1;1;1;1;1;0
2196;15;1;2;2;9;2;0;1;0;0;0;0;1
2197;16;0;0;2;8;7;1;2;1;0;0;0;1
2198;17;1;0;0;15;19;0;3;0;0;0;1;0
2199;17;0;3;4;12;18;1;1;0;0;0;0;0
2200;15;0;0;0;8;9;0;0;0;1;0;0;0
2201;15;0;1;1;3;15;0;2;1;0;0;0;0
2202;16;0;1;0;5;4;0;2;0;0;0;0;1
2203;18;0;0;2;12;19;1;1;0;0;0;0;0
2204;16;0;1;3;8;8;1;2;1;1;1;1;1
2205;15;1;0;2;10;7;0;2;1;0;0;0;1
2206;16;0;1;3;3;10;0;2;1;0;0;0;0
2207;15;1;0;0;13;15;0;2;0;0;0;0;0
2208;16;0;1;2;17;6;0;3;0;1;0;0;1
2209;15;0;0;2;5;14;1;0;0;0;1;1;0
2210;15;1;1;2;10;23;0;1;1;0;0;0;0
2211;15;0;0;0;20;28;0;2;0;0;0;1;0
2212;18;1;0;2;7;20;1;2;1;0;0;1;0
2213;16;1;0;2;12;19;1;2;0;1;0;0;0
2214;16;0;0;2;2;22;0;3;1;1;0;0;0
2215;16;1;2;2;12;16;0;3;1;0;1;0;0
2216;15;1;0;1;2;5;0;1;1;0;1;0;0
2217;16;0;3;2;19;14;0;3;0;0;0;0;0
2218;16;1;3;1;14;7;0;2;0;1;0;0;1
2219;15;0;1;3;16;6;1;1;0;0;0;0;1
2220;17;0;0;2;14;1;1;4;0;1;0;0;1
2221;15;0;0;1;12;29;0;3;0;1;0;0;0
2222;16;0;2;4;9;12;0;4;1;1;0;0;1
2223;15;1;0;2;17;29;0;1;0;1;0;0;0
2224;17;0;0;0;19;22;0;1;1;0;1;0;0
2225;15;0;1;2;10;28;0;2;0;1;0;0;0
2226;16;1;2;1;19;5;0;3;0;1;0;0;1
2227;17;0;2;3;12;28;0;1;0;0;0;0;0
2228;18;0;0;3;11;4;0;3;1;1;1;0;1
2229;16;1;1;4;9;19;0;2;0;1;0;0;0
2230;17;1;0;2;4;0;0;2;1;1;0;0;1
2231;17;1;0;2;0;28;0;3;0;0;0;0;0
2232;18;1;2;2;5;17;0;3;1;0;0;0;0
2233;15;1;0;1;10;14;0;0;0;0;0;0;0
2234;15;1;0;2;8;22;0;4;0;1;1;0;0
2235;16;1;0;2;9;9;0;2;1;1;0;0;1
2236;18;0;2;0;20;2;1;0;1;0;0;0;1
2237;15;1;2;2;7;4;0;3;0;0;0;0;1
2238;18;1;1;3;9;23;0;4;1;1;0;0;0
2239;15;1;2;3;3;28;0;3;0;0;0;0;0
2240;17;0;0;0;1;12;0;3;1;0;1;0;0
2241;15;0;0;0;16;7;1;3;0;1;0;0;1
2242;18;1;0;1;11;21;1;4;0;0;1;0;0
2243;17;1;0;3;15;20;0;0;0;0;0;1;0
2244;17;1;0;1;3;28;0;3;1;1;0;0;0
2245;17;0;3;2;11;1;0;3;1;0;0;0;1
2246;18;0;0;1;5;8;0;0;0;1;0;0;0
2247;16;1;0;2;5;16;0;2;1;0;0;1;0
2248;16;0;0;1;0;26;0;2;0;0;0;0;0
2249;16;1;0;2;3;17;0;3;1;0;0;1;0
2250;18;0;3;1;6;12;0;0;0;0;0;0;0
2251;17;0;0;2;2;0;1;3;0;0;0;0;1
2252;16;1;0;1;20;11;0;1;0;0;0;0;0
2253;18;1;2;2;6;19;0;2;0;0;1;0;0
2254;16;1;0;3;3;19;0;3;0;0;0;1;0
2255;15;1;0;1;4;20;0;2;1;0;0;0;0
2256;16;0;0;3;12;4;1;2;0;0;0;0;1
2257;16;0;1;2;1;7;0;0;1;0;0;0;0
2258;17;0;3;1;17;26;1;3;1;0;0;0;0
2259;18;1;2;2;19;14;0;4;0;0;0;0;0
2260;17;0;0;1;5;26;1;4;0;0;0;0;0
2261;17;1;2;2;9;2;1;3;1;1;0;0;1
2262;17;0;0;2;0;5;0;1;1;0;0;0;0
2263;17;1;0;1;13;27;0;1;1;0;1;0;0
2264;17;1;0;2;8;12;1;1;1;1;1;0;1
2265;16;0;0;3;5;11;0;2;0;0;1;0;0
2266;17;1;1;3;4;18;0;1;1;0;0;0;0
2267;17;1;1;2;13;28;0;1;0;0;1;0;0
2268;18;0;3;4;8;17;0;3;0;0;0;0;0
2269;15;1;1;2;4;23;0;2;1;0;0;1;0
2270;16;1;1;1;14;0;0;3;1;0;0;0;1
2271;16;1;0;3;11;24;0;4;1;1;0;0;0
2272;16;0;0;2;17;26;0;3;0;0;1;0;0
2273;17;0;1;2;2;6;1;3;1;0;0;0;1
2274;17;1;0;2;16;11;0;3;1;0;0;0;0
2275;17;0;2;3;13;9;1;2;1;0;0;0;1
2276;18;1;0;3;2;28;1;0;0;0;0;0;0
2277;15;1;0;2;14;11;1;0;1;1;0;0;0
2278;17;1;0;1;9;10;1;1;0;1;1;0;1
2279;15;1;0;2;19;3;1;3;1;1;0;0;1
2280;18;1;0;2;3;18;1;4;1;0;0;0;0
2281;16;0;2;1;13;5;0;4;1;1;0;0;1
2282;17;1;0;2;8;24;0;0;0;0;0;1;0
2283;15;0;1;2;19;8;1;4;0;0;0;0;1
2284;15;0;0;1;7;19;0;2;0;0;0;0;0
2285;17;1;0;1;19;9;1;3;0;1;0;0;1
2286;16;1;0;1;18;4;1;1;1;0;0;0;1
2287;16;0;2;3;5;26;0;0;0;0;0;0;0
2288;16;0;0;1;16;12;1;2;0;1;0;1;1
2289;18;0;2;1;20;8;0;3;1;0;1;1;1
2290;15;1;0;2;5;1;0;1;0;0;1;0;1
2291;15;0;2;1;9;17;0;1;1;0;0;1;0
2292;15;1;0;0;10;20;0;4;0;0;0;0;0
2293;18;1;1;1;6;0;0;4;0;0;0;0;1
2294;15;1;1;2;0;23;0;0;1;0;0;0;0
2295;18;0;3;2;4;20;0;3;0;0;0;0;0
2296;16;1;0;1;6;11;1;2;0;1;0;0;0
2297;17;1;0;2;9;9;0;2;0;1;0;1;0
2298;15;1;0;4;3;1;0;2;0;1;0;0;1
2299;15;1;2;1;17;27;0;2;1;0;0;0;0
2300;16;1;1;1;14;8;1;2;1;0;0;0;1
2301;17;0;2;1;2;1;1;2;0;0;0;0;1
2302;18;1;0;2;13;22;0;2;1;1;0;1;0
2303;17;1;0;2;13;23;0;3;1;1;1;0;0
2304;16;0;0;1;19;29;1;3;1;1;0;0;0
2305;16;1;3;2;0;21;0;2;0;0;0;1;0
2306;17;0;1;0;5;13;0;1;1;0;0;0;0
2307;18;1;3;2;19;10;0;3;0;1;0;0;1
2308;18;0;0;2;19;22;0;3;1;0;0;0;0
2309;15;0;1;1;14;10;1;3;1;0;0;0;1
2310;18;1;1;2;15;16;0;2;0;1;0;0;0
2311;17;1;0;1;2;3;0;1;0;0;0;0;1
2312;16;1;2;2;10;12;0;3;0;0;0;0;0
2313;15;0;3;0;5;6;1;2;0;0;1;0;1
2314;15;0;2;3;4;15;1;4;0;0;1;0;0
2315;16;0;2;1;16;0;1;3;1;0;0;0;1
2316;18;1;0;3;3;12;0;1;0;0;0;0;0
2317;16;0;0;1;9;0;0;2;0;1;1;1;1
2318;18;0;3;2;19;10;1;3;0;0;0;0;1
2319;16;1;0;1;4;5;0;2;0;0;0;0;0
2320;17;0;2;3;20;19;1;2;0;0;0;0;0
2321;18;0;2;1;20;2;0;3;1;0;0;0;1
2322;17;1;1;1;11;11;0;3;0;0;0;0;0
2323;15;0;3;2;3;4;0;1;1;1;1;1;1
2324;16;1;0;0;6;8;1;2;0;0;0;0;0
2325;15;1;0;1;8;25;1;4;1;0;0;0;0
2326;15;1;0;3;6;25;0;4;0;1;0;0;0
2327;15;1;0;4;6;11;0;3;1;0;0;0;0
2328;15;1;0;1;19;29;1;4;1;0;1;0;0
2329;16;0;0;3;3;29;0;2;1;0;0;0;0
2330;15;0;2;2;15;27;1;2;1;0;0;0;0
2331;16;1;3;1;0;26;0;2;1;0;0;0;0
2332;16;1;0;2;12;9;0;1;1;0;0;0;1
2333;17;0;0;2;18;18;0;2;1;0;0;0;0
2334;18;1;3;4;6;4;0;2;1;1;0;1;1
2335;18;1;0;1;4;25;0;3;1;0;0;0;0
2336;16;1;0;2;13;4;0;3;0;0;0;1;1
2337;17;0;0;0;14;8;0;3;0;0;0;0;1
2338;16;0;1;1;14;26;0;2;1;0;0;0;0
2339;16;1;0;0;6;27;0;1;0;0;0;0;0
2340;16;1;3;4;5;25;1;2;1;0;0;0;0
2341;17;0;0;3;19;26;0;3;0;1;1;0;0
2342;18;0;1;2;18;19;0;1;0;1;1;0;0
2343;17;1;0;2;9;16;0;2;1;0;0;1;0
2344;15;1;0;1;17;9;0;2;0;1;0;0;1
2345;17;0;1;1;9;20;1;3;0;0;0;0;0
2346;17;0;2;1;8;0;0;3;0;0;0;0;1
2347;17;0;2;1;3;21;1;3;0;1;0;1;0
2348;17;1;1;2;9;27;0;2;1;1;0;0;0
2349;18;0;3;2;11;15;0;2;0;0;1;1;0
2350;15;1;2;0;0;25;0;1;1;0;0;0;0
2351;18;0;2;0;9;25;1;1;0;0;0;0;0
2352;18;0;0;1;16;14;1;1;1;0;0;1;0
2353;17;0;0;2;14;22;0;1;0;1;0;0;0
2354;16;0;0;3;13;16;1;1;0;0;0;1;0
2355;16;1;1;2;18;25;0;1;0;0;1;0;0
2356;18;1;0;3;0;19;1;1;0;0;0;0;0
2357;18;0;0;2;11;24;0;3;0;0;0;1;0
2358;17;1;2;1;16;12;0;4;1;1;0;0;1
2359;18;0;2;1;11;0;0;3;0;1;1;0;1
2360;17;0;3;3;6;24;1;0;0;0;0;0;0
2361;16;0;0;2;3;7;1;2;0;0;0;0;1
2362;16;0;1;1;18;4;1;3;1;0;0;0;1
2363;15;1;0;2;9;5;1;1;0;0;0;0;1
2364;16;0;0;2;18;22;0;3;0;0;0;0;0
2365;18;0;0;2;12;19;1;2;0;0;0;0;0
2366;16;1;0;3;13;29;1;4;1;0;0;0;0
2367;17;0;0;2;16;13;0;3;1;0;1;0;1
2368;16;0;2;2;13;21;0;3;0;1;0;0;0
2369;15;0;0;0;8;22;0;3;0;0;0;1;0
2370;16;1;2;0;10;10;1;1;0;1;0;1;1
2371;17;0;1;1;16;5;1;1;1;0;0;0;1
2372;17;1;0;0;7;10;1;2;0;1;0;0;0
2373;18;0;0;2;8;12;1;1;1;0;0;0;0
2374;16;0;0;2;2;11;1;1;0;1;0;0;0
2375;17;1;1;1;18;21;1;2;0;0;0;0;0
2376;15;0;0;3;2;1;1;3;0;1;1;0;1
2377;18;0;0;1;13;20;0;0;1;1;0;0;0
2378;15;1;0;1;8;2;0;1;1;0;0;0;1
2379;16;1;1;1;8;22;0;2;1;0;0;0;0
2380;16;1;3;1;14;3;1;2;0;1;0;1;1
2381;16;1;0;1;1;16;0;1;0;1;0;0;0
2382;18;1;2;2;12;27;0;4;0;1;0;0;0
2383;17;0;1;2;15;27;0;2;0;1;0;0;0
2384;18;1;3;4;17;21;0;2;0;1;1;0;0
2385;15;0;2;0;3;5;0;0;0;0;0;0;1
2386;18;0;1;1;18;6;0;2;0;0;1;1;1
2387;15;0;1;0;13;14;0;3;0;0;0;0;0
2388;18;1;2;2;18;10;0;1;1;0;1;0;1
2389;17;1;0;0;10;23;0;2;0;0;0;0;0
2390;15;0;0;3;11;2;0;0;1;0;0;0;1
2391;16;1;0;2;18;29;0;4;0;0;0;0;0
2392;16;1;2;2;18;5;0;0;1;0;0;0;1
2393;18;1;2;2;9;25;0;3;0;0;0;1;0
2394;16;1;0;1;5;1;0;2;0;0;0;0;1
2395;15;0;1;1;8;28;1;2;1;0;0;0;0
2396;16;0;0;1;8;13;0;3;0;0;0;1;0
2397;17;1;0;2;6;8;0;1;1;1;0;0;1
2398;17;0;3;1;5;17;0;2;1;0;0;0;0
2399;18;1;0;1;17;18;0;2;0;1;0;0;0
2400;15;1;0;4;1;11;0;0;1;0;1;0;0
2401;17;0;1;0;14;12;0;3;1;0;0;0;1
2402;17;0;2;3;3;25;0;0;0;0;0;0;0
2403;15;0;0;2;7;11;0;3;1;0;0;0;0
2404;16;1;1;1;1;11;0;2;1;0;1;0;0
2405;16;0;1;1;5;17;1;1;0;0;1;0;0
2406;18;1;0;1;15;8;0;3;0;1;0;0;1
2407;16;0;0;2;18;16;1;2;0;1;1;0;0
2408;15;0;1;2;4;20;0;2;1;1;0;0;0
2409;17;1;0;2;9;15;0;2;1;1;0;1;0
2410;16;1;3;3;9;16;0;1;1;0;0;1;0
2411;18;1;2;2;17;20;1;3;0;0;0;0;0
2412;16;1;3;1;15;23;0;2;0;0;0;1;0
2413;15;1;0;1;10;7;0;1;1;0;0;1;0
2414;18;1;3;3;13;10;0;3;0;1;0;0;1
2415;16;1;0;1;17;23;0;0;1;1;0;0;0
2416;18;1;0;0;0;1;1;1;1;1;0;0;1
2417;15;0;0;2;8;7;0;2;0;1;0;0;1
2418;17;1;0;2;18;11;0;3;0;0;0;0;0
2419;15;1;1;3;15;20;0;4;0;0;0;0;0
2420;15;0;0;2;11;0;0;3;1;0;1;0;1
2421;15;1;0;0;11;22;0;2;1;1;0;0;0
2422;15;0;1;3;7;12;0;3;1;1;0;0;1
2423;17;0;0;1;10;21;0;2;0;0;0;1;0
2424;17;1;1;1;13;20;1;1;0;0;0;0;0
2425;18;0;0;2;8;16;0;4;1;0;1;0;0
2426;16;1;2;0;14;13;1;1;0;0;0;0;0
2427;17;0;2;2;17;13;0;2;1;1;0;0;1
2428;17;0;0;1;3;15;0;3;0;0;0;0;0
2429;16;0;0;2;9;16;0;3;0;0;1;0;0
2430;17;1;0;1;8;5;1;0;0;0;0;0;1
2431;15;1;2;2;14;25;0;0;0;1;0;1;0
2432;15;0;0;3;5;27;0;2;1;0;0;0;0
2433;16;0;0;1;13;6;0;2;0;0;0;1;1
2434;18;1;0;1;18;25;1;2;1;0;0;0;0
2435;18;1;0;1;8;25;0;2;0;0;0;0;0
2436;16;0;0;1;18;0;0;4;0;0;0;0;1
2437;16;0;2;2;20;24;0;1;0;1;1;0;0
2438;15;1;0;2;2;14;1;2;0;1;0;0;0
2439;18;1;0;1;5;19;1;2;0;0;0;0;0
2440;17;1;2;1;19;20;0;1;1;0;0;0;0
2441;15;1;2;1;19;17;0;1;0;1;0;0;0
2442;16;1;0;2;2;29;1;4;0;0;0;0;0
2443;18;0;0;1;0;27;1;3;0;0;0;0;0
2444;17;1;0;4;3;25;0;1;0;0;0;1;0
2445;17;0;3;2;20;12;1;3;0;0;0;0;1
2446;15;1;0;1;4;23;0;1;1;0;0;0;0
2447;18;0;3;2;10;29;0;3;0;1;1;0;0
2448;18;1;1;3;17;1;1;0;0;1;0;0;1
2449;16;1;1;2;0;18;0;3;1;0;0;0;0
2450;18;0;0;1;12;14;1;0;0;1;0;1;0
2451;18;0;0;1;6;11;0;2;0;0;1;0;0
2452;15;1;0;3;17;14;0;3;0;0;1;0;0
2453;18;1;0;2;6;24;1;1;0;0;1;0;0
2454;17;1;1;2;14;17;0;2;0;0;0;0;0
2455;15;1;3;3;13;13;0;0;1;1;0;0;0
2456;15;1;1;3;4;5;1;3;1;1;0;1;1
2457;16;0;2;3;1;11;0;2;1;1;0;0;0
2458;18;0;0;0;8;19;0;2;0;0;0;1;0
2459;16;1;0;2;6;22;1;4;1;0;0;0;0
2460;17;0;0;2;16;29;0;2;0;0;0;0;0
2461;15;0;1;2;16;29;1;0;0;1;1;0;0
2462;15;0;3;2;9;5;1;3;0;0;0;0;1
2463;15;1;1;1;12;25;0;3;0;0;1;0;0
2464;17;0;0;2;12;29;0;4;1;0;0;1;0
2465;17;1;0;2;17;8;1;1;1;0;0;0;1
2466;16;0;1;0;9;29;0;2;1;1;0;0;0
2467;16;1;0;2;6;24;0;3;1;1;0;0;0
2468;16;0;2;1;5;25;0;3;1;1;0;1;0
2469;18;1;2;1;11;3;0;3;0;1;0;1;1
2470;15;1;1;0;9;16;0;1;0;0;0;0;0
2471;15;0;0;2;9;1;1;1;1;0;1;0;1
2472;16;1;0;2;2;15;1;1;0;0;0;0;0
2473;15;1;0;2;14;23;0;4;1;1;0;0;0
2474;16;1;0;2;4;13;0;1;0;0;0;0;0
2475;18;1;0;3;4;25;0;2;0;0;1;0;0
2476;18;1;1;1;8;7;0;2;0;0;0;1;0
2477;17;1;1;1;5;13;1;2;1;0;1;0;0
2478;18;1;0;3;12;1;1;2;0;0;0;0;1
2479;16;1;0;1;7;15;1;3;1;0;0;0;0
2480;18;0;0;4;9;3;0;2;0;1;0;0;1
2481;17;0;0;3;11;0;0;1;1;0;0;1;1
2482;15;1;2;2;4;22;0;2;0;0;0;0;0
2483;16;1;0;4;3;19;0;3;0;1;0;0;0
2484;15;0;0;0;18;26;0;4;0;0;0;0;0
2485;17;0;0;1;9;13;1;3;0;0;1;0;0
2486;17;0;2;2;8;7;1;3;0;0;0;0;1
2487;17;1;1;1;1;24;1;2;1;0;0;0;0
2488;15;0;0;3;10;27;1;3;0;0;0;1;0
2489;15;1;1;0;11;24;0;4;0;0;0;0;0
2490;15;1;2;2;11;2;0;2;0;1;0;0;1
2491;15;0;3;2;14;4;0;0;0;0;0;0;1
2492;17;1;0;2;4;5;0;4;0;0;0;0;1
2493;17;1;2;1;5;21;0;3;0;0;0;0;0
2494;16;1;3;1;16;25;1;2;0;1;0;0;0
2495;16;1;3;3;19;7;0;4;0;1;1;0;1
2496;15;0;1;1;3;5;0;2;0;0;1;0;0
2497;18;0;1;3;10;5;0;2;1;0;0;0;1
2498;18;1;0;2;4;3;0;3;0;1;1;0;1
2499;17;1;2;2;1;6;0;1;0;0;0;0;0
2500;17;0;1;2;7;29;0;3;0;0;0;1;0
2501;17;1;1;1;3;29;0;1;0;0;0;0;0
2502;16;0;0;2;14;23;1;1;0;0;0;0;0
2503;16;1;2;3;11;18;0;2;1;0;1;0;0
2504;17;1;2;2;3;6;0;2;0;0;0;0;0
2505;17;0;0;4;0;2;0;1;1;0;0;0;1
2506;17;0;2;2;16;7;1;4;0;0;0;0;1
2507;18;0;1;1;4;0;0;2;1;0;0;0;1
2508;16;0;2;1;12;0;1;1;1;0;1;0;1
2509;18;1;0;4;7;13;1;2;0;1;0;0;0
2510;18;0;0;1;12;5;1;3;0;0;0;0;1
2511;17;1;3;3;6;9;0;2;0;0;0;1;0
2512;17;0;0;3;2;24;0;1;1;0;0;0;0
2513;15;0;2;1;4;27;0;1;0;0;0;0;0
2514;15;1;0;0;4;13;0;2;0;0;0;0;0
2515;18;0;1;2;9;3;0;2;0;0;0;1;1
2516;16;0;0;1;13;5;1;3;0;0;1;0;1
2517;17;0;1;2;5;15;1;4;1;0;0;0;0
2518;17;0;0;2;0;27;0;1;1;1;1;0;0
2519;18;1;0;2;10;20;0;3;0;1;1;1;0
2520;15;1;0;2;12;27;1;4;0;1;1;0;0
2521;16;0;0;1;19;0;0;4;0;0;0;0;1
2522;15;0;3;2;12;5;0;4;1;0;1;0;1
2523;15;0;3;1;9;8;0;3;1;1;0;0;1
2524;15;1;0;1;11;14;1;2;0;0;0;1;0
2525;15;1;2;2;19;11;0;2;0;1;0;1;0
2526;17;1;0;3;17;2;1;2;1;0;0;0;1
2527;17;1;1;1;6;10;0;3;0;0;1;0;0
2528;15;0;2;2;5;14;0;2;0;0;0;0;0
2529;16;0;3;2;5;2;0;1;0;0;0;0;1
2530;18;0;0;1;10;13;0;1;0;0;0;0;0
2531;16;1;2;1;15;1;0;3;0;0;1;0;1
2532;16;0;0;3;10;28;0;3;1;0;0;0;0
2533;16;1;3;2;1;3;1;2;0;0;1;1;1
2534;15;1;0;2;14;25;0;1;0;0;0;0;0
2535;17;0;1;2;16;18;1;3;0;0;0;0;0
2536;16;0;1;0;6;11;1;0;1;0;0;0;0
2537;15;0;1;2;13;1;1;2;0;0;0;0;1
2538;16;1;0;2;9;16;1;2;0;0;0;1;0
2539;16;1;3;2;18;2;0;4;0;0;0;0;1
2540;15;0;0;1;17;9;0;2;1;1;0;0;1
2541;17;0;1;0;11;15;1;2;0;0;0;1;0
2542;17;1;0;1;14;21;1;3;0;1;0;0;0
2543;18;0;0;4;18;8;1;2;0;1;0;1;1
2544;15;1;1;2;10;10;0;1;0;0;0;0;0
2545;18;1;0;2;6;20;0;2;1;0;0;0;0
2546;18;0;0;0;15;14;0;4;1;0;0;0;1
2547;18;0;0;0;4;2;1;2;0;0;1;1;1
2548;17;0;0;2;8;15;0;3;0;1;0;0;0
2549;15;0;2;2;17;29;0;4;0;1;0;0;0
2550;18;1;2;2;14;20;0;3;0;0;0;1;0
2551;15;1;0;1;8;20;0;3;1;0;0;0;0
2552;15;1;0;2;4;20;0;3;0;1;0;0;0
2553;17;0;0;1;7;27;1;4;0;1;0;0;0
2554;18;1;0;1;6;11;1;4;1;0;0;0;0
2555;18;0;1;2;4;22;0;4;0;0;0;0;0
2556;15;0;1;1;15;4;0;3;0;0;0;1;1
2557;16;0;0;1;5;6;1;2;1;0;0;1;1
2558;17;0;0;2;9;8;0;1;1;1;0;0;1
2559;17;0;0;2;8;20;1;2;1;1;0;0;0
2560;17;0;2;3;20;17;0;4;1;1;1;0;0
2561;17;1;3;2;8;20;0;3;0;0;0;0;0
2562;18;0;0;0;2;7;0;2;0;1;0;0;0
2563;18;1;0;1;2;11;1;2;0;0;0;1;0
2564;16;1;2;4;12;19;0;2;1;0;1;0;0
2565;17;0;3;2;12;1;0;2;0;0;0;0;1
2566;17;0;0;2;8;9;0;3;0;0;0;0;1
2567;15;0;0;0;9;18;0;2;1;0;0;0;0
2568;18;1;0;2;1;8;0;1;0;0;0;0;0
2569;17;0;1;0;10;24;0;2;0;0;0;0;0
2570;16;1;0;2;10;23;0;1;0;1;0;0;0
2571;16;0;0;3;3;7;0;4;0;0;0;0;0
2572;18;0;1;4;2;23;0;2;0;0;0;0;0
2573;16;1;0;2;2;23;0;4;0;0;0;0;0
2574;16;1;2;2;2;23;0;1;0;1;0;0;0
2575;18;0;0;3;12;0;0;1;0;0;0;0;1
2576;17;1;0;2;4;5;0;3;0;0;0;0;0
2577;17;1;1;0;5;11;0;3;0;1;0;1;0
2578;16;1;0;2;3;24;0;2;0;0;1;0;0
2579;16;1;3;1;19;23;0;1;0;0;1;0;0
2580;17;1;1;2;17;18;0;0;0;1;0;0;0
2581;18;0;0;2;5;26;0;3;1;0;0;0;0
2582;16;0;2;2;7;16;0;1;1;1;0;0;0
2583;15;1;0;1;4;1;1;2;0;0;0;0;1
2584;18;0;3;1;10;10;1;3;0;0;0;1;0
2585;16;0;0;2;0;17;0;0;0;0;0;0;0
2586;16;1;1;3;13;22;0;1;1;1;0;0;0
2587;15;0;0;2;10;27;1;0;1;0;0;0;0
2588;15;1;0;1;18;21;1;4;0;0;1;0;0
2589;17;1;2;3;3;10;0;2;1;0;1;0;0
2590;18;0;2;3;16;17;0;4;1;0;0;0;0
2591;18;1;0;1;16;7;0;1;0;1;0;0;1
2592;17;1;0;0;3;14;0;3;0;1;0;0;0
2593;18;1;2;2;8;8;0;1;0;0;1;0;0
2594;18;1;3;3;3;14;0;2;0;0;0;0;0
2595;18;1;0;4;5;6;1;3;0;0;0;0;1
2596;18;0;0;3;5;19;0;3;1;0;0;0;0
2597;18;0;0;2;11;12;0;3;0;1;0;0;0
2598;15;1;2;2;8;12;0;3;0;0;0;1;0
2599;18;1;0;0;19;0;0;1;1;0;1;0;1
2600;15;0;0;1;3;19;0;2;0;0;0;0;0
2601;18;1;2;2;19;3;0;2;0;0;0;0;1
2602;17;0;0;2;5;23;0;3;0;0;1;0;0
2603;16;1;0;2;15;3;0;1;0;1;1;0;1
2604;15;1;0;2;7;3;1;4;0;0;0;0;1
2605;18;1;0;1;3;12;0;2;1;0;0;1;0
2606;17;1;0;2;17;1;0;3;0;0;1;1;1
2607;16;1;1;0;6;27;0;1;0;1;0;0;0
2608;15;1;0;2;13;25;0;2;0;0;0;0;0
2609;16;1;1;2;11;22;0;3;1;0;0;0;0
2610;17;0;2;2;9;14;0;2;1;0;0;0;0
2611;15;0;2;4;10;3;0;4;1;0;0;0;1
2612;16;0;0;1;15;26;0;3;0;1;0;0;0
2613;18;1;0;2;2;5;1;2;1;0;0;0;1
2614;15;1;0;1;13;2;0;3;1;0;0;0;1
2615;16;1;0;2;18;6;0;3;1;0;1;0;1
2616;17;1;0;3;1;5;0;3;0;0;0;1;0
2617;17;1;1;2;3;2;1;1;0;0;0;0;1
2618;15;1;0;3;14;3;0;2;0;1;1;0;1
2619;16;1;0;1;9;9;0;3;0;0;0;0;0
2620;15;0;0;3;8;29;1;3;1;1;0;0;0
2621;15;1;1;0;3;20;0;2;0;0;0;0;0
2622;16;0;0;3;10;8;0;1;0;1;0;0;0
2623;16;0;1;1;3;29;0;2;0;0;0;0;0
2624;18;1;0;1;10;5;1;0;0;0;0;0;1
2625;16;1;2;2;15;28;1;3;0;0;0;0;0
2626;17;0;2;3;5;19;1;3;0;0;0;0;0
2627;15;0;0;0;10;26;1;2;1;0;0;0;0
2628;15;1;0;1;20;10;1;3;0;1;1;1;1
2629;17;1;0;3;14;6;0;2;1;1;0;0;1
2630;16;0;0;1;17;17;1;3;0;0;1;0;0
2631;17;1;1;1;8;3;0;1;1;0;0;0;1
2632;17;1;2;2;15;4;0;2;0;0;0;0;1
2633;18;1;1;1;1;3;0;3;0;1;1;0;1
2634;17;0;2;3;2;3;0;1;0;0;1;0;1
2635;15;0;0;2;4;26;1;2;0;0;0;0;0
2636;17;0;0;2;8;12;0;2;0;1;1;0;0
2637;15;1;2;4;17;15;0;1;1;0;0;0;0
2638;15;1;0;2;7;24;0;1;0;1;0;1;0
2639;15;0;1;0;13;13;1;1;0;0;0;0;0
2640;16;0;0;1;14;10;0;4;1;1;1;0;1
2641;18;0;0;2;12;28;0;3;0;0;1;1;0
2642;15;1;3;1;7;1;0;2;0;0;0;0;1
2643;15;0;0;3;12;21;0;3;1;1;0;1;0
2644;16;0;3;2;7;13;0;0;0;0;1;0;0
2645;15;1;3;1;2;23;0;2;1;0;0;0;0
2646;17;1;2;2;20;23;1;1;1;0;0;0;0
2647;17;1;1;2;3;26;0;1;1;0;0;0;0
2648;18;0;1;3;1;6;0;3;1;1;0;0;1
2649;15;1;2;3;18;25;0;1;0;0;0;1;0
2650;16;1;0;2;6;10;0;3;0;1;0;1;0
2651;17;0;0;2;13;3;0;2;1;0;0;0;1
2652;16;1;1;2;7;6;0;0;0;0;0;0;0
2653;16;0;0;2;8;28;0;3;0;1;0;0;0
2654;17;0;0;1;5;15;1;2;1;0;0;0;0
2655;16;1;0;1;7;25;0;2;0;1;0;0;0
2656;17;1;1;2;8;5;0;1;0;0;0;0;0
2657;16;1;2;1;14;26;0;0;0;0;0;0;0
2658;17;1;0;0;10;5;0;4;0;0;1;0;1
2659;15;1;3;2;19;1;0;2;0;0;0;0;1
2660;18;1;1;0;1;23;0;0;1;0;0;0;0
2661;17;0;2;2;10;7;1;3;1;0;0;0;1
2662;17;0;1;2;12;29;0;1;1;0;0;1;0
2663;18;1;2;4;18;26;0;1;0;0;1;0;0
2664;17;0;0;2;1;6;1;1;0;0;0;0;1
2665;17;1;2;0;11;26;0;2;0;0;0;1;0
2666;16;0;0;2;17;24;1;0;0;0;0;0;0
2667;18;0;2;3;5;23;0;2;0;0;0;1;0
2668;15;0;3;4;18;13;0;3;0;0;1;0;0
2669;17;1;0;2;0;8;0;1;0;0;0;1;0
2670;18;0;0;1;15;14;1;2;0;0;0;0;0
2671;16;1;2;3;19;24;1;2;1;0;1;0;0
2672;15;0;0;1;13;21;0;2;0;1;0;0;0
2673;18;0;2;2;9;17;0;4;1;0;0;0;0
2674;15;0;0;2;1;11;0;2;0;0;0;0;0
2675;15;0;0;0;18;22;0;0;0;1;0;0;0
2676;15;0;3;1;9;18;0;2;0;0;1;0;0
2677;17;1;1;1;1;12;0;1;0;0;0;0;0
2678;17;1;2;2;14;6;0;3;0;1;1;0;1
2679;16;0;0;3;10;24;0;0;0;0;0;0;0
2680;16;0;1;1;2;9;0;1;1;1;0;1;1
2681;18;0;1;3;4;29;1;2;0;1;0;0;0
2682;16;0;1;0;1;9;1;1;0;0;0;0;0
2683;15;1;1;2;11;1;0;2;0;1;0;0;1
2684;15;0;1;0;12;13;1;1;0;1;0;0;0
2685;17;1;0;3;10;12;0;4;1;0;1;0;0
2686;15;0;0;2;16;21;1;1;0;1;0;0;0
2687;18;1;2;2;17;28;0;4;0;0;0;0;0
2688;15;0;0;3;12;5;0;2;0;0;1;0;1
2689;15;0;1;2;0;8;1;3;1;0;1;1;1
2690;18;1;0;4;14;12;0;1;0;0;0;1;0
2691;16;0;1;2;8;8;1;3;1;0;1;0;1
2692;16;0;2;3;11;12;1;2;0;0;0;1;0
2693;18;0;0;2;13;4;1;2;1;0;0;0;1
2694;17;1;0;1;7;13;0;3;1;0;1;0;0
2695;15;0;0;2;18;4;0;2;1;0;0;0;1
2696;18;0;1;1;3;8;0;2;0;0;1;0;0
2697;15;1;2;2;13;7;1;0;0;0;1;1;1
2698;17;1;0;2;0;6;0;1;0;1;0;0;0
2699;15;1;2;2;18;7;0;2;0;0;0;0;1
2700;18;0;0;0;2;21;0;0;0;0;0;0;0
2701;15;0;0;1;2;2;0;1;1;0;0;0;1
2702;16;0;3;2;7;22;0;1;0;0;0;0;0
2703;17;1;0;4;7;23;0;1;0;0;0;0;0
2704;17;0;0;1;4;14;1;2;1;1;1;0;0
2705;17;0;0;2;12;7;0;2;0;1;1;0;1
2706;18;1;0;2;9;0;1;4;1;0;0;0;1
2707;17;1;0;2;1;6;0;2;1;0;0;0;1
2708;16;1;0;1;6;18;0;4;1;0;0;0;0
2709;18;1;1;2;16;1;0;3;1;0;0;0;1
2710;16;1;0;1;14;13;0;4;0;0;1;1;0
2711;15;0;1;4;14;17;0;3;0;0;0;0;0
2712;15;1;0;1;14;29;1;3;0;0;0;0;0
2713;15;0;0;1;6;14;0;2;0;0;1;0;0
2714;15;0;1;0;2;13;0;1;0;1;1;0;0
2715;16;1;3;1;5;23;0;1;1;0;0;0;0
2716;18;1;0;2;17;24;1;4;0;1;0;0;0
2717;18;1;2;1;20;18;0;4;0;0;1;1;0
2718;17;0;1;0;10;29;0;3;1;0;0;1;0
2719;16;1;1;2;0;18;0;3;0;0;0;0;0
2720;15;1;1;0;3;21;1;4;0;1;0;1;0
2721;16;1;0;0;6;26;0;2;0;1;0;1;0
2722;17;1;0;3;12;25;0;3;1;0;0;0;0
2723;17;1;1;2;2;16;0;2;1;0;0;0;0
2724;16;0;0;3;19;21;1;2;1;0;0;0;0
2725;16;0;3;3;7;27;0;0;0;0;0;0;0
2726;16;0;0;2;18;18;1;2;1;0;0;0;0
2727;18;1;0;0;16;26;0;3;0;0;0;0;0
2728;15;1;2;2;15;15;0;2;0;0;0;0;0
2729;16;1;0;3;12;19;0;3;0;0;0;1;0
2730;16;0;1;2;13;24;1;2;0;0;1;0;0
2731;16;1;1;2;13;18;0;1;0;0;0;0;0
2732;17;1;3;1;13;0;1;3;1;0;0;0;1
2733;17;1;2;3;11;18;0;3;0;0;0;0;0
2734;18;0;1;2;20;6;1;1;0;1;1;0;1
2735;15;1;1;4;15;28;0;2;0;0;0;0;0
2736;18;0;3;1;16;22;0;2;0;0;0;0;0
2737;15;1;0;1;17;10;0;4;0;0;0;1;0
2738;17;0;0;1;4;4;0;3;1;1;0;0;1
2739;17;0;0;2;2;29;0;1;1;0;0;0;0
2740;17;0;0;1;10;16;0;2;1;1;0;0;0
2741;18;1;1;0;10;10;0;3;1;0;0;0;1
2742;16;1;1;4;17;23;0;3;0;0;0;1;0
2743;16;0;1;0;9;25;0;3;1;0;0;0;0
2744;17;0;0;3;11;7;0;1;0;0;0;0;0
2745;16;1;2;1;11;9;0;3;0;0;0;0;1
2746;16;1;0;3;1;11;0;3;0;0;0;0;0
2747;18;0;1;2;12;9;0;3;0;0;0;0;1
2748;15;1;1;3;17;12;0;2;0;0;0;0;0
2749;17;1;0;3;3;25;1;3;0;0;0;0;0
2750;17;1;0;0;12;17;1;3;0;0;1;0;0
2751;18;1;0;0;12;9;0;3;1;0;0;0;1
2752;18;0;2;1;3;18;0;2;0;0;0;0;0
2753;16;1;3;2;2;19;0;1;0;0;0;1;0
2754;17;1;1;3;20;16;0;2;1;0;0;1;0
2755;15;0;0;2;8;19;0;2;0;0;0;0;0
2756;18;0;0;2;5;15;0;2;1;0;0;0;0
2757;15;1;2;1;3;4;0;2;1;0;0;0;1
2758;15;1;2;3;13;2;0;2;0;0;1;0;1
2759;17;1;0;4;12;29;0;3;0;0;0;0;0
2760;17;1;0;1;13;26;0;1;0;1;0;0;0
2761;18;0;2;2;2;14;0;2;0;0;0;0;0
2762;17;0;0;0;18;25;0;3;0;0;0;0;0
2763;17;0;0;2;8;1;0;2;0;1;0;1;1
2764;17;1;0;2;6;12;1;2;0;0;0;1;0
2765;15;1;1;1;9;21;1;2;0;1;0;0;0
2766;18;1;2;2;8;7;0;2;0;0;1;0;0
2767;16;1;3;1;17;22;0;1;1;0;0;0;0
2768;15;0;1;2;19;26;0;2;0;0;0;0;0
2769;17;0;1;2;6;29;0;4;1;1;1;1;0
2770;15;1;0;0;17;16;0;2;0;0;0;1;0
2771;17;0;1;2;16;3;0;0;1;0;0;0;1
2772;17;1;0;2;19;18;0;3;0;0;0;0;0
2773;15;1;1;1;5;21;0;2;0;0;0;0;0
2774;18;0;0;0;12;24;1;1;0;0;0;0;0
2775;17;1;0;2;5;8;1;3;0;0;0;1;0
2776;18;1;0;4;16;22;0;1;0;0;1;0;0
2777;16;0;0;1;0;14;0;4;0;0;0;0;0
2778;17;1;0;1;11;27;0;2;0;1;0;0;0
2779;18;1;0;1;7;8;1;3;0;0;1;0;1
2780;18;0;3;2;6;23;1;2;0;1;0;0;0
2781;16;1;0;1;13;20;1;1;0;0;1;0;0
2782;18;0;1;1;17;8;0;3;0;0;0;0;1
2783;18;1;2;2;12;13;1;4;1;0;1;0;1
2784;16;0;3;2;17;22;0;3;0;0;0;0;0
2785;17;0;1;1;5;20;1;3;1;0;1;0;0
2786;18;0;2;2;10;15;1;4;0;1;0;1;0
2787;18;1;0;2;9;23;0;1;0;0;0;0;0
2788;18;0;0;0;0;22;0;0;0;0;0;0;0
2789;15;0;0;0;11;24;1;0;0;0;0;0;0
2790;16;0;1;3;13;25;0;3;1;0;0;0;0
2791;15;0;1;0;12;16;0;3;0;0;0;0;0
2792;16;0;0;2;15;12;0;3;1;1;0;0;0
2793;17;1;0;3;11;8;0;4;0;0;0;1;1
2794;17;1;1;1;1;14;0;3;0;0;0;0;0
2795;18;1;0;1;2;6;0;2;0;0;0;0;0
2796;16;1;1;2;12;0;0;1;0;0;0;0;1
2797;17;1;1;3;5;0;0;4;0;1;0;0;1
2798;16;1;2;3;2;4;0;1;0;0;1;1;0
2799;17;1;2;2;9;23;0;2;0;0;0;0;0
2800;15;0;2;0;11;8;0;2;1;1;0;0;1
2801;17;1;0;2;7;11;0;1;0;0;0;0;0
2802;15;0;2;2;14;5;0;3;1;0;0;0;1
2803;17;0;1;2;13;27;1;1;0;0;0;0;0
2804;18;1;0;0;7;12;0;4;0;0;0;0;0
2805;15;0;0;1;15;25;1;2;1;0;0;0;0
2806;17;0;0;2;13;27;0;3;1;0;1;0;0
2807;18;0;0;2;13;7;1;3;0;1;0;0;1
2808;15;0;1;1;11;14;0;3;0;0;0;0;0
2809;18;1;2;1;0;5;0;4;0;0;0;0;1
2810;16;1;0;3;14;26;0;1;1;0;0;0;0
2811;16;1;0;2;8;5;0;0;0;0;0;0;1
2812;15;1;3;1;19;3;0;0;1;0;0;0;1
2813;17;1;0;1;16;10;0;3;0;1;0;0;1
2814;15;1;0;1;12;20;0;4;0;0;1;0;0
2815;18;1;1;3;5;29;1;2;1;0;0;0;0
2816;17;1;1;2;4;17;0;3;1;0;0;0;0
2817;16;1;0;2;7;2;0;0;0;1;0;0;1
2818;17;1;0;2;10;2;0;1;1;0;0;0;1
2819;16;0;0;1;6;29;0;3;1;0;0;0;0
2820;17;1;1;3;10;11;1;0;1;0;0;0;0
2821;17;0;1;2;3;26;1;2;1;1;0;0;0
2822;17;0;0;1;20;20;1;3;0;1;0;0;0
2823;18;0;1;1;2;29;1;3;1;1;1;1;0
2824;18;0;2;2;19;20;0;2;1;1;0;0;0
2825;15;1;0;3;18;5;0;3;0;0;1;1;1
2826;15;0;0;1;11;20;0;2;0;0;0;0;0
2827;16;1;1;3;14;27;1;0;0;0;0;0;0
2828;18;1;0;2;9;5;1;3;1;0;0;0;1
2829;16;0;0;1;13;7;0;1;1;0;0;1;0
2830;15;1;1;0;7;14;0;0;0;1;0;0;0
2831;16;0;2;1;6;17;1;2;0;0;0;1;0
2832;15;0;2;2;12;19;0;3;0;0;0;0;0
2833;18;1;1;1;10;28;1;1;0;1;0;0;0
2834;17;1;2;1;12;15;0;0;0;0;0;1;0
2835;18;0;0;2;6;5;0;1;0;0;0;1;0
2836;16;1;1;2;7;27;0;2;1;0;0;0;0
2837;16;1;0;1;2;20;0;2;0;0;0;0;0
2838;18;1;0;2;1;16;0;1;1;1;0;0;0
2839;18;0;2;2;5;8;0;3;0;0;0;0;0
2840;15;0;1;2;1;18;1;3;1;1;0;0;0
2841;16;1;0;3;2;17;0;3;0;0;0;0;0
2842;16;1;3;1;16;24;1;2;1;0;0;0;0
2843;18;1;0;3;1;22;0;2;0;0;1;0;0
2844;17;1;0;2;13;4;1;2;0;0;0;0;1
2845;16;1;0;2;5;27;0;2;0;0;0;0;0
2846;17;0;2;2;17;5;0;0;0;0;0;0;0
2847;18;1;2;2;10;11;0;3;1;0;0;1;1
2848;18;0;0;1;6;10;0;2;0;0;0;0;0
2849;15;1;1;2;10;15;1;1;1;0;0;0;0
2850;16;0;0;2;8;19;0;1;0;0;0;1;0
2851;17;1;2;2;11;16;0;1;1;0;1;0;0
2852;15;0;0;1;2;19;1;4;0;0;0;0;0
2853;16;1;0;3;20;8;0;1;0;1;0;1;0
2854;15;0;3;2;9;0;1;3;0;1;0;0;1
2855;18;0;0;0;7;25;0;2;1;1;0;1;0
2856;16;0;0;2;14;2;1;3;0;1;0;0;1
2857;15;0;1;2;7;20;0;2;0;0;0;0;0
2858;15;0;3;2;17;22;1;4;0;0;0;0;0
2859;17;0;0;2;9;8;0;1;0;1;1;0;1
2860;15;1;0;3;14;21;0;2;0;0;1;1;0
2861;16;0;0;1;2;18;0;1;0;0;0;0;0
2862;16;1;1;2;17;12;0;2;1;1;0;0;1
2863;17;1;0;3;15;22;0;2;1;0;1;0;0
2864;16;1;1;3;4;13;0;3;1;0;0;0;0
2865;18;1;3;2;3;19;0;2;0;0;0;0;0
2866;16;1;0;3;6;18;1;0;0;0;1;0;0
2867;16;0;0;0;20;29;0;3;1;1;0;0;0
2868;15;0;0;3;5;22;1;2;0;0;0;1;0
2869;15;0;0;1;9;26;0;1;0;1;1;0;0
2870;16;1;2;1;1;26;0;4;1;1;1;0;0
2871;17;0;0;1;8;6;1;4;0;0;0;0;1
2872;15;0;0;2;11;3;1;3;0;0;0;0;1
2873;17;0;1;1;19;11;0;3;0;0;0;0;0
2874;16;0;0;1;10;22;0;0;0;1;0;0;0
2875;16;0;1;1;16;26;0;4;0;0;0;0;0
2876;18;1;0;1;11;13;0;2;0;1;0;0;0
2877;15;0;2;2;1;1;0;1;0;0;1;1;1
2878;16;1;3;2;6;0;0;3;1;0;1;0;1
2879;18;1;1;1;12;27;0;1;0;1;0;0;0
2880;15;1;3;2;19;17;0;2;1;0;0;0;0
2881;16;1;0;3;17;19;1;1;0;0;0;0;0
2882;16;1;0;2;5;7;1;2;1;0;1;0;1
2883;15;0;1;1;4;2;0;2;1;1;0;1;1
2884;15;0;1;2;4;25;0;2;1;1;1;0;0
2885;15;0;0;1;18;5;0;0;1;1;0;1;0
2886;16;1;0;1;17;21;1;2;0;0;0;0;0
2887;16;0;0;1;15;12;0;2;0;0;1;0;0
2888;18;0;0;3;8;8;0;1;0;0;0;0;0
2889;17;1;0;1;10;8;0;4;0;0;0;1;1
2890;15;1;2;0;9;19;0;2;0;0;0;0;0
2891;16;1;0;1;5;8;0;3;0;0;1;1;0
2892;16;1;0;3;10;14;1;1;0;0;0;0;0
2893;15;0;1;2;1;12;0;2;1;1;0;0;0
2894;17;1;1;1;3;21;0;1;1;1;0;0;0
2895;15;1;2;2;18;15;0;2;0;1;0;0;0
2896;17;0;1;2;15;1;0;1;0;0;0;0;1
2897;16;0;0;2;8;25;0;2;1;0;0;0;0
2898;17;1;2;1;10;13;0;2;0;0;1;1;0
2899;18;0;1;3;7;26;0;1;0;0;0;0;0
2900;16;1;0;1;15;5;1;3;0;0;0;1;1
2901;18;1;1;2;16;1;1;4;0;1;0;0;1
2902;15;0;3;0;15;7;0;1;0;0;0;0;1
2903;15;0;0;1;14;3;1;3;1;0;0;0;1
2904;15;1;0;1;4;20;1;3;0;0;0;0;0
2905;17;1;0;2;7;23;0;2;0;0;1;0;0
2906;16;1;0;0;9;13;0;3;1;0;0;1;0
2907;15;0;0;2;7;10;0;4;1;0;0;0;1
2908;15;1;1;1;15;23;0;2;0;0;0;1;0
2909;16;1;0;2;7;27;1;3;1;0;0;1;0
2910;15;1;3;3;3;13;0;3;1;0;0;0;0
2911;18;1;2;2;8;11;0;2;1;0;1;0;0
2912;16;1;1;2;20;15;0;2;1;0;0;0;0
2913;16;0;2;2;5;5;0;4;1;0;0;0;1
2914;16;1;0;1;12;19;0;3;0;1;0;0;0
2915;18;1;0;3;9;0;0;1;1;0;0;0;1
2916;16;1;1;1;1;11;0;1;1;0;1;0;0
2917;18;1;2;2;10;6;1;4;0;1;0;0;1
2918;16;0;2;2;14;7;1;0;0;0;0;0;1
2919;17;0;0;1;10;8;1;3;1;1;0;0;1
2920;15;0;3;1;17;1;1;1;1;1;0;0;1
2921;17;1;0;2;6;16;1;0;0;0;0;1;0
2922;15;1;2;3;2;19;0;0;0;1;0;0;0
2923;18;0;3;3;19;12;0;2;1;0;0;0;0
2924;17;0;0;2;8;4;0;0;0;0;0;1;0
2925;16;0;2;2;12;9;0;2;0;1;0;0;0
2926;15;1;0;3;16;11;0;3;0;1;0;0;1
2927;15;1;0;0;6;16;1;2;0;0;1;0;0
2928;17;0;1;1;14;20;0;3;1;0;0;1;0
2929;18;0;1;2;3;5;0;2;0;0;0;1;0
2930;17;0;3;3;6;2;0;2;0;0;0;0;1
2931;18;1;1;3;3;27;0;2;0;0;1;0;0
2932;18;1;0;2;16;14;1;2;0;1;0;0;0
2933;15;1;2;0;4;6;0;4;1;0;0;0;1
2934;17;0;3;2;14;29;0;3;0;0;0;0;0
2935;17;0;0;1;19;5;0;2;0;0;0;0;1
2936;18;1;3;1;11;3;1;3;0;0;0;0;1
2937;17;0;0;2;11;18;0;2;0;0;0;0;0
2938;16;1;2;0;9;4;0;1;1;0;0;0;1
2939;16;0;0;3;7;2;1;2;0;1;0;0;1
2940;17;0;0;2;10;25;0;3;1;0;0;0;0
2941;17;0;0;2;12;24;0;2;0;0;0;1;0
2942;18;0;1;0;20;8;0;3;0;1;0;0;1
2943;16;1;0;1;19;5;1;2;1;0;0;0;1
2944;16;0;0;0;17;12;0;2;1;0;0;0;0
2945;15;1;1;4;18;26;0;4;1;1;1;0;0
2946;18;1;3;3;9;21;0;2;0;0;0;0;0
2947;15;1;0;2;13;27;0;3;0;0;0;0;0
2948;16;0;0;1;18;29;0;3;1;1;1;0;0
2949;18;1;0;3;8;19;0;4;0;1;1;0;0
2950;17;1;0;1;19;3;0;0;1;0;0;0;1
2951;18;1;2;1;8;1;0;1;1;0;1;1;1
2952;17;0;2;2;12;25;0;3;1;0;0;0;0
2953;17;0;1;3;14;3;0;2;1;0;0;0;1
2954;18;1;0;0;19;7;0;2;0;0;0;0;1
2955;17;0;2;1;5;12;0;1;1;1;0;0;0
2956;15;1;1;3;15;9;0;1;0;0;0;1;0
2957;16;1;2;1;10;17;1;2;0;0;0;0;0
2958;17;0;1;1;5;8;0;1;0;0;0;0;0
2959;15;1;2;2;16;29;0;1;0;1;0;0;0
2960;17;0;1;3;11;0;0;0;1;0;1;1;1
2961;16;0;0;2;13;12;0;1;1;0;0;0;0
2962;15;1;3;4;6;17;1;3;0;1;0;0;0
2963;16;0;1;2;10;14;0;3;0;0;0;0;0
2964;16;0;1;0;12;1;0;0;1;0;0;1;1
2965;15;1;0;4;8;10;0;1;1;0;0;0;0
2966;15;1;1;2;4;28;0;2;1;1;0;0;0
2967;15;0;1;1;19;13;0;2;1;1;0;0;1
2968;18;0;0;2;10;21;0;3;1;0;1;0;0
2969;15;1;0;1;15;14;1;3;0;0;0;0;0
2970;15;0;1;0;8;13;1;3;1;0;0;0;0
2971;15;0;2;0;7;15;0;2;1;0;0;0;0
2972;15;0;1;2;8;22;0;2;1;1;0;1;0
2973;17;0;0;3;8;28;1;3;0;0;0;0;0
2974;18;0;1;2;11;14;0;0;1;1;0;0;0
2975;16;0;0;4;11;18;0;0;0;0;0;0;0
2976;15;0;0;1;10;26;1;0;0;1;1;0;0
2977;17;1;0;1;3;8;0;2;1;1;0;0;1
2978;17;1;0;1;10;4;0;1;0;0;0;0;0
2979;17;1;0;1;3;4;0;1;0;0;1;0;0
2980;16;1;0;1;3;10;0;3;1;0;0;0;0
2981;15;1;0;2;19;27;1;4;1;1;1;1;0
2982;18;0;0;3;12;19;0;1;1;0;1;0;0
2983;18;0;1;4;13;24;1;2;0;1;1;0;0
2984;17;0;0;1;8;23;0;1;1;0;0;0;0
2985;16;0;0;3;18;27;0;4;0;0;0;0;0
2986;16;1;2;1;13;3;0;1;1;0;0;1;1
2987;16;0;0;1;15;19;0;3;0;1;0;0;0
2988;18;0;1;3;7;17;0;1;1;0;0;0;0
2989;17;1;0;2;19;24;0;3;0;0;0;0;0
2990;15;0;0;1;16;2;1;1;1;1;0;0;1
2991;18;0;1;2;17;3;1;1;0;1;0;0;1
2992;17;1;1;1;3;13;0;1;1;1;1;0;0
2993;17;0;2;2;5;6;0;1;0;0;0;0;1
2994;15;0;1;2;6;25;1;3;1;0;0;0;0
2995;15;0;3;4;5;7;0;3;0;0;0;0;1
2996;15;0;0;0;17;23;0;2;0;1;0;0;0
2997;16;0;0;1;1;15;1;4;1;0;0;0;0
2998;15;1;0;2;2;19;0;2;1;0;0;0;0
2999;17;1;0;2;5;14;0;4;0;1;0;0;0
3000;15;1;1;1;4;6;0;1;0;0;1;0;0
3001;17;1;1;2;5;25;0;4;1;0;1;0;0
3002;18;1;0;3;16;16;0;0;1;0;0;1;0
3003;16;1;3;3;11;21;0;2;0;0;0;0;0
3004;18;0;2;3;0;21;1;2;1;0;0;0;0
3005;18;1;0;3;9;21;0;2;1;1;0;0;0
3006;17;1;0;2;8;11;0;2;0;1;0;1;0
3007;18;0;0;3;2;17;0;2;0;0;1;0;0
3008;17;0;0;1;14;23;1;4;1;0;0;0;0
3009;15;1;0;1;14;13;1;4;1;0;0;0;1
3010;15;0;1;1;14;14;1;4;1;1;0;0;1
3011;17;1;0;2;15;14;0;4;0;0;1;0;0
3012;15;0;0;1;0;4;1;3;0;1;0;0;1
3013;16;1;3;4;19;15;0;4;0;1;0;0;0
3014;18;0;1;1;16;4;0;3;1;0;0;0;1
3015;16;0;3;0;18;1;0;2;0;0;1;0;1
3016;18;1;0;2;0;19;0;3;0;0;0;0;0
3017;15;1;0;0;19;27;1;4;0;0;0;0;0
3018;16;1;1;1;16;24;0;3;0;0;0;0;0
3019;15;1;0;1;17;8;0;2;0;0;0;0;0
3020;18;1;0;2;2;21;0;0;0;0;0;1;0
3021;17;0;1;2;15;26;0;3;1;0;1;0;0
3022;17;1;1;2;19;8;0;4;0;0;0;0;1
3023;16;1;0;2;14;3;0;2;0;0;0;0;1
3024;15;0;0;2;11;14;0;1;0;0;0;0;0
3025;15;0;0;1;19;10;0;2;0;1;1;0;1
3026;16;1;0;1;9;0;1;2;0;1;1;0;1
3027;17;0;0;2;12;17;1;2;0;0;0;0;0
3028;18;0;0;0;10;28;1;3;0;0;0;0;0
3029;16;1;0;0;19;0;1;4;1;0;0;1;1
3030;18;0;3;2;2;7;0;3;0;0;0;0;0
3031;17;0;1;2;10;24;1;2;0;0;0;0;0
3032;15;1;2;1;14;15;0;4;1;1;0;0;0
3033;17;1;0;1;16;25;1;2;0;0;0;0;0
3034;16;0;0;3;12;27;0;1;1;0;0;0;0
3035;15;0;0;3;18;21;1;2;0;1;0;0;0
3036;16;1;0;2;19;17;0;3;0;0;1;0;0
3037;16;0;0;2;1;21;0;3;0;0;0;0;0
3038;17;0;2;2;8;8;0;4;1;1;0;0;1
3039;16;0;1;4;0;11;0;2;0;0;0;0;0
3040;17;1;1;4;7;18;1;1;0;0;0;0;0
3041;15;0;0;1;11;24;0;0;0;1;0;0;0
3042;17;0;3;3;18;17;0;3;0;1;0;0;0
3043;15;1;0;1;17;26;1;3;1;1;0;0;0
3044;17;0;0;1;3;4;0;2;0;1;0;0;0
3045;18;0;0;2;2;26;0;2;1;0;0;0;0
3046;18;1;2;2;12;1;0;4;0;1;0;0;1
3047;16;1;3;3;11;6;0;4;1;1;0;0;1
3048;17;1;0;0;5;26;1;1;0;1;0;0;0
3049;17;1;2;2;18;9;1;3;1;1;0;0;1
3050;15;0;2;3;19;14;1;3;0;0;1;0;1
3051;16;0;0;3;8;24;0;1;1;1;1;0;0
3052;17;1;0;1;18;6;0;2;1;0;0;0;1
3053;16;1;0;1;8;27;0;1;0;0;0;0;0
3054;18;0;3;2;15;4;1;1;1;0;0;0;1
3055;17;1;0;1;10;14;0;3;1;1;0;0;0
3056;17;0;2;4;2;19;0;2;1;0;0;1;0
3057;16;1;0;3;19;27;0;2;0;1;0;0;0
3058;17;0;2;1;9;19;0;2;0;0;0;0;0
3059;16;1;0;1;15;14;1;0;1;0;0;0;0
3060;17;1;1;0;7;9;0;3;0;0;0;1;0
3061;15;0;2;3;0;23;0;2;0;0;0;1;0
3062;16;1;2;1;2;25;0;2;1;1;0;0;0
3063;17;0;2;2;10;28;1;4;0;0;0;0;0
3064;18;0;0;2;14;25;0;2;0;0;1;0;0
3065;17;0;1;2;7;13;0;3;0;0;0;0;0
3066;18;0;0;0;14;25;0;2;1;0;0;0;0
3067;18;0;0;1;14;25;0;3;1;0;0;0;0
3068;15;1;1;3;14;9;1;3;1;0;0;0;1
3069;16;1;0;3;10;16;0;1;1;0;0;0;0
3070;17;0;1;2;18;20;1;3;0;0;1;0;0
3071;15;1;3;0;10;13;0;0;0;0;0;1;0
3072;17;0;0;1;9;1;1;4;0;1;1;0;1
3073;18;1;1;2;4;15;1;2;0;1;1;0;0
3074;16;1;0;1;6;12;0;3;0;0;0;0;0
3075;17;1;0;3;1;26;0;2;1;0;0;1;0
3076;17;1;0;2;13;8;0;3;1;0;1;0;1
3077;18;0;3;0;5;6;0;4;0;0;0;0;1
3078;17;0;2;3;6;15;0;3;1;0;0;0;0
3079;17;1;3;4;15;9;0;1;1;0;0;0;0
3080;18;1;3;0;7;23;1;2;1;0;0;0;0
3081;15;0;0;2;5;21;0;2;0;1;0;0;0
3082;18;1;0;1;3;8;1;2;0;1;0;0;1
3083;15;0;1;1;15;21;0;2;0;0;1;0;0
3084;16;0;0;1;3;22;0;2;0;0;0;0;0
3085;15;0;0;2;9;6;1;2;0;0;1;0;1
3086;15;1;0;4;10;15;0;1;1;0;0;0;0
3087;16;0;1;2;14;8;0;2;0;0;0;0;0
3088;15;1;1;0;13;26;1;1;0;1;1;0;0
3089;18;0;0;2;16;23;1;1;0;1;0;0;0
3090;15;1;0;1;1;28;0;3;1;0;0;0;0
3091;16;1;1;3;6;16;0;0;0;1;0;1;0
3092;18;1;1;2;6;19;0;2;0;0;0;0;0
3093;16;0;0;1;3;6;0;2;1;0;1;0;1
3094;16;0;2;1;6;10;0;2;0;0;0;0;0
3095;17;1;0;2;6;7;0;3;1;0;0;0;1
3096;17;1;0;1;10;6;0;2;0;1;0;0;1
3097;16;1;2;2;13;27;1;1;0;1;0;0;0
3098;16;0;1;1;8;18;1;3;0;0;0;0;0
3099;16;0;0;1;14;19;0;4;1;1;0;0;0
3100;17;0;1;2;7;11;0;0;1;1;0;1;0
3101;17;0;1;3;6;6;0;2;0;0;0;0;0
3102;15;1;2;3;11;7;0;2;0;0;0;0;0
3103;15;1;2;1;0;6;0;1;0;1;0;0;0
3104;16;0;1;1;2;5;0;2;1;1;1;0;1
3105;18;0;0;1;8;24;0;3;0;0;0;0;0
3106;18;1;0;2;19;8;1;1;0;0;1;0;1
3107;17;0;0;2;14;26;1;4;0;0;0;0;0
3108;17;0;0;3;2;12;1;2;0;1;0;0;0
3109;17;0;1;3;17;6;0;2;1;1;0;0;1
3110;16;0;1;1;15;7;0;3;1;0;0;0;1
3111;18;0;0;2;12;21;0;0;0;0;0;0;0
3112;15;0;0;3;16;16;1;2;0;1;0;0;0
3113;16;1;0;3;8;16;0;2;0;0;0;0;0
3114;15;0;0;0;4;15;0;2;0;1;0;0;0
3115;15;0;2;1;10;21;0;2;1;0;0;1;0
3116;16;1;0;2;11;1;0;0;0;0;0;0;1
3117;15;1;1;1;11;29;0;1;0;0;0;0;0
3118;18;1;3;1;11;7;0;1;0;0;0;1;0
3119;15;0;0;0;19;16;0;4;1;1;0;0;0
3120;18;1;0;2;18;12;0;0;0;1;0;0;0
3121;18;0;0;1;18;17;0;1;1;1;0;0;0
3122;18;0;1;0;16;23;0;4;1;0;0;0;0
3123;17;0;1;1;19;27;1;3;1;0;0;0;0
3124;15;1;0;3;2;21;0;2;1;0;0;0;0
3125;16;1;1;3;5;27;0;0;0;1;0;0;0
3126;16;1;2;2;10;9;0;3;0;0;0;0;0
3127;15;1;0;2;17;1;1;1;1;1;0;0;1
3128;17;1;0;4;10;1;0;3;1;1;0;0;1
3129;17;0;2;1;15;26;0;4;1;0;1;1;0
3130;18;0;1;1;3;13;0;2;1;1;0;1;0
3131;15;0;2;1;5;15;0;1;0;1;0;0;0
3132;15;0;1;1;15;6;0;3;0;1;1;0;1
3133;16;1;2;1;3;20;0;2;1;0;0;0;0
3134;15;1;0;3;7;20;1;2;1;1;0;0;0
3135;17;0;2;2;5;23;1;2;0;0;1;0;0
3136;15;1;3;2;7;11;1;3;0;0;1;0;1
3137;16;1;1;3;14;27;0;2;0;0;0;0;0
3138;18;0;0;0;7;22;1;4;0;0;0;0;0
3139;16;0;0;1;11;27;0;3;0;1;0;0;0
3140;16;1;0;2;2;13;0;1;1;0;0;0;0
3141;18;1;0;2;16;24;1;3;0;0;1;0;0
3142;16;0;0;0;7;3;0;1;1;0;0;0;1
3143;16;0;1;2;13;25;0;3;1;1;1;0;0
3144;15;0;1;2;15;3;0;1;1;1;0;0;1
3145;15;1;0;2;4;17;0;2;1;0;0;0;0
3146;18;0;1;2;18;2;1;3;0;1;0;1;1
3147;15;0;0;1;12;0;0;1;1;0;0;0;1
3148;15;1;0;0;9;16;0;3;0;0;0;0;0
3149;16;1;0;2;4;6;0;3;1;1;1;0;1
3150;17;1;1;1;19;29;1;2;0;1;0;0;0
3151;15;1;0;3;15;15;0;2;1;1;0;1;1
3152;17;1;0;2;4;29;0;4;0;0;1;0;0
3153;15;0;0;1;7;4;1;1;0;0;1;1;1
3154;15;0;2;2;16;18;0;3;0;0;1;0;0
3155;18;1;0;2;14;6;0;3;1;0;0;0;1
3156;18;1;1;1;15;13;1;4;0;0;0;0;1
3157;18;1;1;3;9;1;0;3;0;0;0;1;1
3158;17;1;2;3;14;2;1;2;1;0;0;1;1
3159;16;1;3;2;8;16;0;4;0;0;1;0;0
3160;15;0;0;0;4;15;1;3;0;0;0;0;0
3161;15;0;0;2;13;7;1;3;0;1;0;0;1
3162;15;0;2;2;20;17;0;0;0;0;0;0;0
3163;17;0;0;1;6;14;0;2;1;1;1;0;0
3164;18;1;1;1;9;6;1;3;0;0;1;0;1
3165;16;0;1;3;13;26;0;2;1;0;0;0;0
3166;17;1;1;0;11;8;0;2;0;0;0;0;0
3167;18;1;3;2;17;5;0;1;1;0;0;0;1
3168;17;1;3;2;15;17;1;2;1;0;0;0;0
3169;16;0;2;2;1;17;1;1;1;1;0;1;0
3170;18;1;0;0;20;24;0;1;0;0;0;0;0
3171;17;0;2;3;15;25;0;2;0;0;0;0;0
3172;16;0;0;1;17;23;1;3;0;0;0;0;0
3173;15;1;0;2;13;13;1;2;1;1;0;0;1
3174;16;1;2;2;17;13;0;1;0;0;1;0;0
3175;15;1;0;2;2;13;1;1;1;1;1;0;0
3176;17;0;0;4;7;24;1;2;0;0;1;0;0
3177;18;1;0;2;18;3;0;3;0;0;1;0;1
3178;18;0;2;1;4;3;1;3;0;0;0;1;1
3179;17;1;1;4;2;14;0;1;0;1;0;0;0
3180;18;1;1;2;16;14;0;2;1;1;0;0;0
3181;18;0;0;1;17;17;0;3;0;0;0;0;0
3182;15;0;2;1;3;13;1;1;0;0;0;0;0
3183;17;0;2;3;17;25;1;2;0;0;0;0;0
3184;16;0;0;1;14;0;0;2;1;0;0;0;1
3185;15;0;0;2;10;9;0;1;0;0;0;1;0
3186;17;0;0;2;17;28;0;0;0;1;0;0;0
3187;15;1;3;1;8;19;1;2;1;1;0;0;0
3188;16;1;1;2;4;9;1;0;0;0;0;0;0
3189;16;0;3;0;6;9;0;1;0;1;0;0;0
3190;17;1;0;2;10;26;0;2;0;1;0;0;0
3191;16;0;2;2;11;23;0;0;1;0;0;0;0
3192;15;1;2;2;16;1;0;2;1;0;0;0;1
3193;16;1;1;2;16;28;0;1;1;1;0;0;0
3194;15;0;3;3;12;27;1;2;1;0;0;0;0
3195;15;0;0;2;16;26;0;3;1;0;0;0;0
3196;16;0;0;0;4;7;0;3;0;1;1;0;1
3197;17;1;1;1;1;0;0;2;0;0;0;0;1
3198;18;0;2;2;17;0;0;0;0;1;0;0;1
3199;16;1;1;3;2;3;0;3;0;0;0;0;1
3200;15;0;0;3;5;6;0;1;1;0;0;0;1
3201;15;1;1;3;14;8;0;0;1;0;1;0;0
3202;16;1;0;1;8;15;1;3;0;0;0;0;0
3203;17;0;0;2;18;4;0;4;0;0;0;0;1
3204;17;1;1;2;6;1;1;2;1;0;0;0;1
3205;15;1;2;1;0;27;0;0;0;1;0;0;0
3206;15;0;0;0;6;22;0;3;0;0;0;0;0
3207;17;1;0;3;12;10;0;0;1;0;0;0;0
3208;18;0;0;1;8;17;1;3;0;0;0;0;0
3209;16;0;0;1;11;24;0;2;1;0;0;1;0
3210;15;0;2;0;18;24;0;2;1;0;0;0;0
3211;15;0;3;3;18;18;1;2;0;0;0;1;0
3212;17;1;0;2;5;12;0;4;0;1;0;0;0
3213;16;1;2;2;9;23;1;3;1;0;0;0;0
3214;17;1;2;3;11;10;0;2;0;1;1;0;0
3215;16;0;2;1;19;19;0;3;0;0;0;0;0
3216;16;1;0;2;20;18;0;2;1;0;0;0;0
3217;16;1;3;0;5;16;1;3;0;0;0;0;0
3218;15;0;0;1;15;4;0;3;0;1;0;0;1
3219;18;0;0;3;8;12;0;0;0;0;0;0;0
3220;17;1;0;2;0;29;0;2;0;0;0;0;0
3221;18;0;0;1;0;26;0;4;0;0;0;0;0
3222;17;0;0;1;9;19;1;4;0;1;1;1;0
3223;16;0;0;2;10;0;0;0;0;1;0;0;1
3224;15;0;0;0;0;9;0;1;0;0;0;0;0
3225;18;1;2;1;14;7;0;4;1;0;0;1;1
3226;15;0;2;1;6;23;0;2;1;1;0;0;0
3227;17;0;0;1;11;28;0;2;0;1;0;0;0
3228;15;0;2;3;6;7;0;1;0;0;0;0;0
3229;15;0;2;1;3;18;1;3;1;1;0;0;0
3230;18;0;2;1;8;5;1;1;1;0;0;1;1
3231;16;0;0;2;5;11;0;1;1;0;0;0;0
3232;15;0;1;3;11;27;1;1;1;0;0;0;0
3233;16;0;3;1;4;6;0;4;0;0;0;0;1
3234;17;1;1;0;10;15;0;3;0;0;1;0;0
3235;15;0;0;1;3;8;0;3;1;0;1;0;1
3236;18;1;1;2;13;20;0;2;1;0;0;0;0
3237;17;0;1;2;15;24;0;4;0;0;1;0;0
3238;17;0;1;3;2;21;1;3;0;0;0;0;0
3239;18;0;0;4;9;9;1;3;0;0;0;0;1
3240;15;0;0;2;1;9;0;4;0;1;0;0;0
3241;15;1;2;2;12;9;0;2;0;0;0;0;0
3242;17;0;2;2;5;19;1;3;1;0;0;0;0
3243;15;0;0;0;11;28;0;4;1;0;0;0;0
3244;16;1;3;4;10;15;0;3;1;1;0;1;0
3245;18;1;0;1;18;0;0;2;1;0;0;0;1
3246;16;0;1;1;11;16;0;0;0;0;0;0;0
3247;15;1;2;2;12;29;0;3;1;1;1;0;0
3248;17;1;2;1;8;25;1;2;1;0;1;0;0
3249;18;1;3;2;19;20;1;1;0;0;1;0;0
3250;15;0;0;2;16;28;0;3;1;0;1;0;0
3251;15;0;2;2;6;13;1;2;0;1;0;0;0
3252;17;0;0;3;17;18;0;2;1;0;0;0;0
3253;17;1;2;1;9;20;0;3;0;1;0;0;0
3254;16;0;2;2;17;20;1;2;0;0;1;0;0
3255;18;1;1;2;16;16;0;0;0;1;0;1;0
3256;18;0;0;2;4;13;0;2;0;0;0;0;0
3257;17;0;2;2;14;7;0;0;0;0;0;0;0
3258;16;1;0;1;6;20;1;1;0;0;0;0;0
3259;18;0;0;2;6;20;1;0;0;0;0;0;0
3260;17;1;2;1;6;8;1;1;0;0;0;0;1
3261;15;1;0;3;15;7;0;2;0;1;0;1;0
3262;18;0;2;1;5;12;1;2;1;0;0;0;0
3263;16;1;0;2;0;16;0;4;1;0;1;0;0
3264;16;0;0;0;14;18;1;2;1;0;0;0;0
3265;16;0;2;1;3;27;0;3;1;0;0;0;0
3266;15;1;1;2;2;6;0;2;0;1;1;0;1
3267;18;0;0;3;5;16;0;3;0;0;0;0;0
3268;18;1;2;2;8;0;1;3;0;0;0;0;1
3269;15;0;1;3;10;4;1;2;1;0;0;0;1
3270;18;0;1;2;1;24;0;1;1;0;0;0;0
3271;15;0;0;2;19;5;0;2;0;0;0;1;1
3272;15;0;2;1;14;25;1;3;0;0;0;0;0
3273;15;0;2;3;6;1;0;2;1;1;0;0;1
3274;16;1;2;1;6;26;1;3;0;1;0;0;0
3275;18;1;0;3;9;24;1;1;0;1;0;0;0
3276;15;1;2;3;13;15;0;0;1;1;0;0;0
3277;18;1;1;3;3;21;0;2;0;0;0;0;0
3278;16;1;1;2;4;4;0;3;1;0;0;1;1
3279;15;1;0;2;17;4;0;2;0;1;0;0;1
3280;17;0;2;2;5;11;0;3;1;1;0;0;0
3281;16;0;2;1;8;2;1;1;1;0;1;0;1
3282;17;1;0;2;17;29;0;2;0;0;0;0;0
3283;18;1;0;0;13;15;0;3;1;0;0;0;0
3284;18;0;2;2;7;5;0;3;1;0;0;0;1
3285;16;0;0;1;14;14;0;1;1;0;0;0;0
3286;18;0;3;1;0;14;1;2;0;1;1;1;0
3287;17;1;1;1;15;28;0;3;0;0;0;0;0
3288;15;1;1;2;10;15;0;0;0;0;0;0;0
3289;15;1;0;2;16;19;1;3;1;0;1;0;0
3290;15;0;0;0;19;12;0;2;1;0;0;1;0
3291;16;0;3;2;19;11;0;1;0;0;0;0;1
3292;18;1;0;1;18;9;0;3;0;1;0;0;1
3293;17;1;2;2;10;13;1;1;1;1;0;1;0
3294;18;0;0;2;7;1;0;4;0;1;0;0;1
3295;18;0;0;2;9;28;1;3;0;0;0;0;0
3296;18;0;0;2;14;2;1;3;0;0;0;0;1
3297;15;0;1;1;18;8;0;0;0;1;0;0;0
3298;17;1;3;2;4;10;0;4;1;0;0;0;1
3299;17;0;0;2;18;10;0;3;0;1;0;1;1
3300;18;0;0;2;16;24;0;1;0;1;0;1;0
3301;15;0;0;2;20;21;1;2;1;0;0;0;0
3302;15;1;1;0;18;9;0;1;0;0;0;0;0
3303;17;1;0;2;6;25;0;4;0;0;0;0;0
3304;15;0;2;2;2;13;1;3;1;0;0;0;0
3305;15;0;1;1;2;8;0;4;1;0;0;0;0
3306;15;0;1;0;6;19;0;3;0;1;0;0;0
3307;16;1;0;0;12;26;0;2;0;1;0;0;0
3308;18;1;3;3;16;20;0;1;0;0;1;0;0
3309;17;1;0;2;18;9;1;1;1;0;0;1;1
3310;17;0;0;1;12;21;0;1;0;0;0;0;0
3311;16;1;1;1;0;28;0;2;0;0;0;0;0
3312;18;0;1;2;4;8;0;4;0;0;0;1;0
3313;17;0;0;3;2;28;0;4;1;0;0;1;0
3314;15;0;0;0;7;4;0;1;0;0;0;0;1
3315;17;1;2;1;10;7;0;3;0;0;1;0;0
3316;15;0;0;3;1;10;1;2;0;0;0;0;0
3317;16;1;2;0;7;0;1;2;0;0;0;0;1
3318;15;1;1;1;4;20;0;3;1;0;0;0;0
3319;17;0;0;4;13;9;0;2;1;0;1;1;1
3320;17;0;0;2;9;0;0;4;1;0;1;1;1
3321;17;1;0;1;10;25;0;3;1;1;0;0;0
3322;16;0;2;0;9;29;0;3;0;1;0;0;0
3323;16;1;1;0;19;21;0;1;1;0;0;0;0
3324;18;0;0;1;4;6;0;1;0;0;0;0;0
3325;17;1;1;3;10;27;0;2;0;0;0;0;0
3326;15;1;3;2;15;13;1;3;1;0;0;1;0
3327;16;1;0;2;11;4;0;4;1;1;0;0;1
3328;17;1;3;3;19;16;1;2;1;0;0;0;0
3329;17;0;0;2;8;21;0;3;1;0;0;0;0
3330;16;0;0;1;9;25;0;2;1;0;0;0;0
3331;18;1;0;2;2;20;1;1;0;1;0;1;0
3332;16;1;0;3;12;5;0;3;1;1;0;0;1
3333;16;0;0;3;6;15;1;3;1;0;0;0;0
3334;15;0;0;0;3;10;0;1;1;1;0;1;0
3335;15;0;3;2;11;9;0;2;1;0;0;0;0
3336;18;0;2;2;11;14;0;2;0;0;0;0;0
3337;17;0;2;3;2;6;0;1;1;0;0;0;0
3338;16;0;0;1;14;22;1;4;0;0;1;0;0
3339;18;1;0;2;12;1;1;2;1;0;1;0;1
3340;15;0;0;3;4;11;1;1;0;1;0;0;0
3341;16;0;2;2;9;18;0;1;0;1;0;0;0
3342;17;1;3;2;14;11;0;4;0;0;0;0;1
3343;15;0;0;0;11;15;0;3;0;0;0;1;0
3344;15;0;0;1;8;5;0;3;0;0;0;0;1
3345;15;0;1;1;6;2;1;0;0;0;0;1;1
3346;18;0;0;3;12;1;0;3;0;1;0;0;1
3347;17;0;0;1;19;19;0;2;0;0;1;0;0
3348;16;1;1;2;13;4;0;3;0;0;1;0;1
3349;18;0;2;2;1;10;1;4;0;0;1;0;1
3350;18;1;0;1;9;25;1;1;1;0;0;0;0
3351;18;1;0;2;18;24;0;2;0;0;1;0;0
3352;15;0;3;2;2;2;0;0;0;1;0;0;0
3353;17;1;0;3;20;2;0;2;0;1;0;1;1
3354;18;0;0;2;19;21;0;1;0;0;0;0;0
3355;16;1;0;2;2;4;1;4;1;1;0;0;1
3356;17;1;0;1;19;21;0;2;0;1;1;0;0
3357;16;0;0;3;7;22;0;3;0;0;0;0;0
3358;17;0;2;1;17;10;0;3;0;0;0;1;0
3359;16;0;0;2;8;2;0;4;1;0;0;0;1
3360;15;0;0;1;9;12;1;2;1;0;1;0;0
3361;18;0;1;3;13;20;0;2;0;0;0;0;0
3362;16;1;1;2;15;7;0;0;0;0;0;0;0
3363;17;1;2;2;1;19;1;0;0;0;0;0;0
3364;18;1;2;1;12;9;0;3;1;0;0;0;1
3365;18;1;0;2;4;1;1;0;0;0;0;0;1
3366;17;1;2;2;7;3;0;2;0;0;0;0;1
3367;16;1;0;2;7;17;0;0;0;0;0;0;0
3368;15;1;3;1;9;18;0;3;0;0;1;0;0
3369;15;0;0;4;7;3;0;2;0;0;1;1;1
3370;16;0;3;3;2;19;0;1;0;0;0;1;0
3371;18;1;2;1;3;25;0;1;0;1;0;1;0
3372;18;1;0;3;1;8;0;2;0;0;0;1;0
3373;18;0;1;2;9;15;0;3;0;0;0;0;0
3374;18;0;3;2;19;25;0;2;0;0;0;0;0
3375;16;0;2;1;2;5;1;3;1;0;0;0;1
3376;18;0;0;2;19;24;0;1;1;0;1;1;0
3377;17;1;2;2;15;3;0;0;1;0;0;0;1
3378;18;0;0;2;13;8;1;0;1;1;0;0;1
3379;15;1;0;2;13;26;0;2;0;0;1;1;0
3380;18;1;0;2;17;12;0;3;0;0;0;0;1
3381;16;1;0;2;2;8;0;1;1;1;0;0;0
3382;15;0;2;0;10;5;0;3;0;0;0;0;1
3383;16;0;0;3;14;20;0;2;0;0;0;0;0
3384;16;1;2;2;12;18;1;4;0;0;0;0;0
3385;15;1;0;1;17;13;1;3;0;1;0;0;1
3386;16;1;0;1;1;20;0;3;1;1;0;0;0
3387;16;0;0;2;14;14;0;2;0;0;0;0;0
3388;18;1;0;3;11;2;0;4;1;0;0;0;1
3389;17;0;0;1;8;4;1;4;0;1;0;0;1
3390;16;1;0;2;7;20;0;2;0;0;0;1;0
3391;16;1;1;0;12;17;0;2;0;1;1;0;0
3392;16;1;0;2;18;13;0;2;0;0;0;1;0
